Gene,Accession,Description,Note,CodonStart,Product,ProteinID,Seq,SeqCDS,SeqAA
IGHA,MT043311.1,"Macaca mulatta membrane-bound immunoglobulin alpha heavy chain constant region (IGHA) mRNA, partial cds",hinge region: VPPITPPCPSCCEPRL,3,membrane-bound immunoglobulin alpha heavy chain constant region,QJB76118.1,CATCCCCGACCAGACCCAAGGTCTTCCCGCTGAACCTCTGCAGCACCCAGTCAGATAACGTGGTCGTCGCCTGCCTGGTCCAGGGCTTCTTCCCCCAGGAGCCACTCAACGTGACCTGGAGCAAAAGTGGAGCGGACGTGACTGTCATAAACTTCCCGCCCAGCCAGGACGCCTCTGGCGGCCTGTACACCACGAGCAGCCAGCTGACCCTGCCGGCCGCACAGTGCCCAGCCAGCGAGTCCGTGACATGCCACGTGGAGCACTACACAAATCCCAGCCAGGATGTGGCTGTGCCCTGCGTTCCCCCAATCACACCCCCATGTCCCTCATGCTGCGAGCCCCGACTGTCGCTGCGCCGGCCGGCCCTCGAGGACCTGCTCCTAGGTTCAGAAGCGAACCTCACGTGCACACTGACAGGCCTGAAAGATCCCTCGGGTGCCACCTTCACCTGGACGCCCTCAAGTGGGAAGAACGCTGTCCAACAGTCACCTAAGCGTGACCCCTGTGGCTGCTACAGTGTGTCCAGTGTCCTGCCCGGCTGTGCCGAGCCATGGAACAATAGGGAGACCTTCACCTGCACTGCTAATCACCCTGAGTTGGAGACCCCGCTAACCGCCACCATCTCAAAATCCGGAAACACATTCCGGCCCGAGGTCCACCTGCTGCCGCCGCCGTCGGAGGAGCTGGCCCTGAACGAGCTGGTGACGCTGACGTGCCTGGCACGCGGCTTCAGCCCCGAGGACGTGCTGATTCGCTGGCTGAAGGGAACAGAACAGCTGCCCCGTGACAAGTACCTGACTTGGGAATCCCGGAAGGAGCCCAGCCAGGGCACCACCACCTTCGCCGTGACCAGCATACTTCGCGTGGCAGCCGAGGACTGGAAGAAGGGGGACACCTTCTCCTGCATGGTGGGCCACGAGGCCCTGCCGCTGGCCTTCACACAGAAGACCATCGACCGCCTGGCGGGCTCTTGCTGTGTTACAGATTGGCAGATGCTGCCTCCCTATGTGGTGCTGGACTTGCCGCAGGAGACCCTGGAGGAGGAGACCCCTGGTGCCAACCTGTGGCCCACCACCATCACCTTCCTCACCCTCTTCCTGCTGAGCCTGTTCTATAGCACAGCACTGACCGTGACCAGCGTCCGGGGTCCATCTGGCAACAGGGAGGGCCCCCAGTACTGAGCGAGAGCCAGCAAGGCACAGGGAGGAAGTATGGAGGAACCTCTTGGAGAAGCCAGCTATGCTTGCCAGAACTCAGCCCTTTCAGAAATCACCTACCCGCCCTTACTCACATCCCTTCCAGGTGCAATAAAGTGGTCCC,CATCCCCGACCAGACCCAAGGTCTTCCCGCTGAACCTCTGCAGCACCCAGTCAGATAACGTGGTCGTCGCCTGCCTGGTCCAGGGCTTCTTCCCCCAGGAGCCACTCAACGTGACCTGGAGCAAAAGTGGAGCGGACGTGACTGTCATAAACTTCCCGCCCAGCCAGGACGCCTCTGGCGGCCTGTACACCACGAGCAGCCAGCTGACCCTGCCGGCCGCACAGTGCCCAGCCAGCGAGTCCGTGACATGCCACGTGGAGCACTACACAAATCCCAGCCAGGATGTGGCTGTGCCCTGCGTTCCCCCAATCACACCCCCATGTCCCTCATGCTGCGAGCCCCGACTGTCGCTGCGCCGGCCGGCCCTCGAGGACCTGCTCCTAGGTTCAGAAGCGAACCTCACGTGCACACTGACAGGCCTGAAAGATCCCTCGGGTGCCACCTTCACCTGGACGCCCTCAAGTGGGAAGAACGCTGTCCAACAGTCACCTAAGCGTGACCCCTGTGGCTGCTACAGTGTGTCCAGTGTCCTGCCCGGCTGTGCCGAGCCATGGAACAATAGGGAGACCTTCACCTGCACTGCTAATCACCCTGAGTTGGAGACCCCGCTAACCGCCACCATCTCAAAATCCGGAAACACATTCCGGCCCGAGGTCCACCTGCTGCCGCCGCCGTCGGAGGAGCTGGCCCTGAACGAGCTGGTGACGCTGACGTGCCTGGCACGCGGCTTCAGCCCCGAGGACGTGCTGATTCGCTGGCTGAAGGGAACAGAACAGCTGCCCCGTGACAAGTACCTGACTTGGGAATCCCGGAAGGAGCCCAGCCAGGGCACCACCACCTTCGCCGTGACCAGCATACTTCGCGTGGCAGCCGAGGACTGGAAGAAGGGGGACACCTTCTCCTGCATGGTGGGCCACGAGGCCCTGCCGCTGGCCTTCACACAGAAGACCATCGACCGCCTGGCGGGCTCTTGCTGTGTTACAGATTGGCAGATGCTGCCTCCCTATGTGGTGCTGGACTTGCCGCAGGAGACCCTGGAGGAGGAGACCCCTGGTGCCAACCTGTGGCCCACCACCATCACCTTCCTCACCCTCTTCCTGCTGAGCCTGTTCTATAGCACAGCACTGACCGTGACCAGCGTCCGGGGTCCATCTGGCAACAGGGAGGGCCCCCAGTACTGA,SPTRPKVFPLNLCSTQSDNVVVACLVQGFFPQEPLNVTWSKSGADVTVINFPPSQDASGGLYTTSSQLTLPAAQCPASESVTCHVEHYTNPSQDVAVPCVPPITPPCPSCCEPRLSLRRPALEDLLLGSEANLTCTLTGLKDPSGATFTWTPSSGKNAVQQSPKRDPCGCYSVSSVLPGCAEPWNNRETFTCTANHPELETPLTATISKSGNTFRPEVHLLPPPSEELALNELVTLTCLARGFSPEDVLIRWLKGTEQLPRDKYLTWESRKEPSQGTTTFAVTSILRVAAEDWKKGDTFSCMVGHEALPLAFTQKTIDRLAGSCCVTDWQMLPPYVVLDLPQETLEEETPGANLWPTTITFLTLFLLSLFYSTALTVTSVRGPSGNREGPQY
IGHA,MT043312.1,"Macaca mulatta membrane-bound immunoglobulin alpha heavy chain constant region (IGHA) mRNA, partial cds",hinge region: VSQTKPCLCDEPRL,3,membrane-bound immunoglobulin alpha heavy chain constant region,QJB76119.1,CATCCCCGACCAGACCCAAGGTCTTCCCGCTGAGCCTCGAGGGCACCCAGTCAGATAACGTGGTCGTCGCCTGCCTGGTCCAGGGCTTCTTCCCCCAGGAGCCACTCAACGTGACCTGGAGCAAAAGCGGAGCGGGCGTGACCGTCATAAACTTCCCGCCCAGCCAGGACGCCTCCGGGGGCCTGTACACCACGAGCAGCCAGCTGACCCTGCCAGCTGCACAGTGCCCAGCCAGCGAGTCCGTGACATGCCACGTGGAGCACTACACAAATGCCAGACAGGATGTGGCTGTGCCCTGCGTTTCCCAAACCAAGCCTTGCTTATGTGATGAACCCCGACTGTCGCTGCGCCGACCAGCCCTCGAGGACCTGCTCCTAGGTTCCGAGGCGAACCTCACGTGCACACTGACCGGCCTGAGAGATCCCTCGGGTGCCACCTTCACCTGGACGCCCTCAAGTGGGAAGAACGCTGTCCAACAGTCACCTAAGCGTGACCCCTGTGGCTGCTACAGTGTGTCCAGTGTCCTGCCCGGCTGTGCCGAGCCATGGAACAATAGGGTGACCTTCACCTGCAAAGCTGAGCACCCTGAGTTGGAGACCCCACTAACTGCCACCATCTCAAAATCCGGAAACACATTCCGGCCCGAGGTCCACCTGCTGCCGCCGCCGTCGGAGGAGCTGGCCCTGAACGAGCTGGTGACGCTGACGTGCCTGGCACGCGGCTTCAGCCCCGAGGACGTGCTGGTTCGCTGGCTGAAGGGAACAGAGCAGCTGCCCCGTGACAAGTACCTGACTTGGGAATCCCGGAAGGAGCCCAGCCAGGGCACCACCACCTTCGCCGTGACCAGCATACTGCGCGTGGCAGCCGAGGACTGGAAGAAGGGGGACACCTTCTCCTGCATGGTGGGCCACGAGGCCCTGCCGCTGGCCTTCACACAGAAGACCATCGACCGCCTGGCGGGCTCTTGCTGTGTTACAGATTGGCAGATGCTGCCTCCCTATGTGGTGCTGGACTTGCCGCAGGAGACCCTGGAGGAGGAGACCCCTGGTGCCAACCTGTGGCCCACCACCATCACCTTCCTCACCCTCTTCCTGCTGAGCCTGTTCTATAGCACAGCACTGACCGTGACCAGCGTCCGGGGTCCATCTGGCAACAGGGAGGGCCCCCAGTACTGAGCGAGAGCCAGCAAGGCACAGGAAGGAAGTATGGAGGAACCTCTTGGAGAAGCCAGCTATGCTTGCCAGAACTCAGCCCTTTCAGAAATCACCTACCCGCCCTTACTCACATCCCTTCCAGGTGCAATAAAGTGGTCCC,CATCCCCGACCAGACCCAAGGTCTTCCCGCTGAGCCTCGAGGGCACCCAGTCAGATAACGTGGTCGTCGCCTGCCTGGTCCAGGGCTTCTTCCCCCAGGAGCCACTCAACGTGACCTGGAGCAAAAGCGGAGCGGGCGTGACCGTCATAAACTTCCCGCCCAGCCAGGACGCCTCCGGGGGCCTGTACACCACGAGCAGCCAGCTGACCCTGCCAGCTGCACAGTGCCCAGCCAGCGAGTCCGTGACATGCCACGTGGAGCACTACACAAATGCCAGACAGGATGTGGCTGTGCCCTGCGTTTCCCAAACCAAGCCTTGCTTATGTGATGAACCCCGACTGTCGCTGCGCCGACCAGCCCTCGAGGACCTGCTCCTAGGTTCCGAGGCGAACCTCACGTGCACACTGACCGGCCTGAGAGATCCCTCGGGTGCCACCTTCACCTGGACGCCCTCAAGTGGGAAGAACGCTGTCCAACAGTCACCTAAGCGTGACCCCTGTGGCTGCTACAGTGTGTCCAGTGTCCTGCCCGGCTGTGCCGAGCCATGGAACAATAGGGTGACCTTCACCTGCAAAGCTGAGCACCCTGAGTTGGAGACCCCACTAACTGCCACCATCTCAAAATCCGGAAACACATTCCGGCCCGAGGTCCACCTGCTGCCGCCGCCGTCGGAGGAGCTGGCCCTGAACGAGCTGGTGACGCTGACGTGCCTGGCACGCGGCTTCAGCCCCGAGGACGTGCTGGTTCGCTGGCTGAAGGGAACAGAGCAGCTGCCCCGTGACAAGTACCTGACTTGGGAATCCCGGAAGGAGCCCAGCCAGGGCACCACCACCTTCGCCGTGACCAGCATACTGCGCGTGGCAGCCGAGGACTGGAAGAAGGGGGACACCTTCTCCTGCATGGTGGGCCACGAGGCCCTGCCGCTGGCCTTCACACAGAAGACCATCGACCGCCTGGCGGGCTCTTGCTGTGTTACAGATTGGCAGATGCTGCCTCCCTATGTGGTGCTGGACTTGCCGCAGGAGACCCTGGAGGAGGAGACCCCTGGTGCCAACCTGTGGCCCACCACCATCACCTTCCTCACCCTCTTCCTGCTGAGCCTGTTCTATAGCACAGCACTGACCGTGACCAGCGTCCGGGGTCCATCTGGCAACAGGGAGGGCCCCCAGTACTGA,SPTRPKVFPLSLEGTQSDNVVVACLVQGFFPQEPLNVTWSKSGAGVTVINFPPSQDASGGLYTTSSQLTLPAAQCPASESVTCHVEHYTNARQDVAVPCVSQTKPCLCDEPRLSLRRPALEDLLLGSEANLTCTLTGLRDPSGATFTWTPSSGKNAVQQSPKRDPCGCYSVSSVLPGCAEPWNNRVTFTCKAEHPELETPLTATISKSGNTFRPEVHLLPPPSEELALNELVTLTCLARGFSPEDVLVRWLKGTEQLPRDKYLTWESRKEPSQGTTTFAVTSILRVAAEDWKKGDTFSCMVGHEALPLAFTQKTIDRLAGSCCVTDWQMLPPYVVLDLPQETLEEETPGANLWPTTITFLTLFLLSLFYSTALTVTSVRGPSGNREGPQY
IGHA,MT043313.1,"Macaca mulatta seccreted immunoglobulin alpha heavy chain constant region (IGHA) mRNA, partial cds",hinge region: VPPITPPCPSCCEPRL,3,seccreted immunoglobulin alpha heavy chain constant region,QJB76120.1,CATCCCCGACCAGACCCAAGGTCTTCCCGCTGAACCTCTGCAGCACCCAGTCAGATAACGTGGTCGTCGCCTGCCTGGTCCAGGGCTTCTTCCCCCAGGAGCCACTCAACGTGACCTGGAGCAAAAGTGGAGCGGACGTGACTGTCATAAACTTCCCGCCCAGCCAGGACGCCTCTGGCGGCCTGTACACCACGAGCAGCCAGCTGACCCTGCCGGCCGCACAGTGCCCAGCCAGCGAGTCCGTGACATGCCACGTGGAGCACTACACAAATCCCAGCCAGGATGTGGCTGTGCCCTGCGTTCCCCCAATCACACCCCCATGTCCCTCATGCTGCGAGCCCCGACTGTCGCTGCGCCGGCCGGCCCTCGAGGACCTGCTCCTAGGTTCAGAAGCGAACCTCACGTGCACACTGACAGGCCTGAAAGATCCCTCGGGTGCCACCTTCACCTGGACGCCCTCAAGTGGGAAGAACGCTGTCCAACAGTCACCTAAGCGTGACCCCTGTGGCTGCTACAGTGTGTCCAGTGTCCTGCCCGGCTGTGCCGAGCCATGGAACAATAGGGAGACCTTCACCTGCACTGCTAATCACCCTGAGTTGGAGACCCCGCTAACCGCCACCATCTCAAAATCCGGAAACACATTCCGGCCCGAGGTCCACCTGCTGCCGCCGCCGTCGGAGGAGCTGGCCCTGAACGAGCTGGTGACGCTGACGTGCCTGGCACGCGGCTTCAGCCCCGAGGACGTGCTGATTCGCTGGCTGAAGGGAACAGAACAGCTGCCCCGTGACAAGTACCTGACTTGGGAATCCCGGAAGGAGCCCAGCCAGGGCACCACCACCTTCGCCGTGACCAGCATACTTCGCGTGGCAGCCGAGGACTGGAAGAAGGGGGACACCTTCTCCTGCATGGTGGGCCACGAGGCCCTGCCGCTGGCCTTCACACAGAAGACCATCGACCGCCTGGCGGGTAAACCCACCCACGTCAATGTGTCTGTGGTCATGGCGGAAGTGGACGGCACCTGCTACTGAGCCGCCCGCCTGTCCCCACCCCTGAATAAACTCCATGCTCCCC,CATCCCCGACCAGACCCAAGGTCTTCCCGCTGAACCTCTGCAGCACCCAGTCAGATAACGTGGTCGTCGCCTGCCTGGTCCAGGGCTTCTTCCCCCAGGAGCCACTCAACGTGACCTGGAGCAAAAGTGGAGCGGACGTGACTGTCATAAACTTCCCGCCCAGCCAGGACGCCTCTGGCGGCCTGTACACCACGAGCAGCCAGCTGACCCTGCCGGCCGCACAGTGCCCAGCCAGCGAGTCCGTGACATGCCACGTGGAGCACTACACAAATCCCAGCCAGGATGTGGCTGTGCCCTGCGTTCCCCCAATCACACCCCCATGTCCCTCATGCTGCGAGCCCCGACTGTCGCTGCGCCGGCCGGCCCTCGAGGACCTGCTCCTAGGTTCAGAAGCGAACCTCACGTGCACACTGACAGGCCTGAAAGATCCCTCGGGTGCCACCTTCACCTGGACGCCCTCAAGTGGGAAGAACGCTGTCCAACAGTCACCTAAGCGTGACCCCTGTGGCTGCTACAGTGTGTCCAGTGTCCTGCCCGGCTGTGCCGAGCCATGGAACAATAGGGAGACCTTCACCTGCACTGCTAATCACCCTGAGTTGGAGACCCCGCTAACCGCCACCATCTCAAAATCCGGAAACACATTCCGGCCCGAGGTCCACCTGCTGCCGCCGCCGTCGGAGGAGCTGGCCCTGAACGAGCTGGTGACGCTGACGTGCCTGGCACGCGGCTTCAGCCCCGAGGACGTGCTGATTCGCTGGCTGAAGGGAACAGAACAGCTGCCCCGTGACAAGTACCTGACTTGGGAATCCCGGAAGGAGCCCAGCCAGGGCACCACCACCTTCGCCGTGACCAGCATACTTCGCGTGGCAGCCGAGGACTGGAAGAAGGGGGACACCTTCTCCTGCATGGTGGGCCACGAGGCCCTGCCGCTGGCCTTCACACAGAAGACCATCGACCGCCTGGCGGGTAAACCCACCCACGTCAATGTGTCTGTGGTCATGGCGGAAGTGGACGGCACCTGCTACTGA,SPTRPKVFPLNLCSTQSDNVVVACLVQGFFPQEPLNVTWSKSGADVTVINFPPSQDASGGLYTTSSQLTLPAAQCPASESVTCHVEHYTNPSQDVAVPCVPPITPPCPSCCEPRLSLRRPALEDLLLGSEANLTCTLTGLKDPSGATFTWTPSSGKNAVQQSPKRDPCGCYSVSSVLPGCAEPWNNRETFTCTANHPELETPLTATISKSGNTFRPEVHLLPPPSEELALNELVTLTCLARGFSPEDVLIRWLKGTEQLPRDKYLTWESRKEPSQGTTTFAVTSILRVAAEDWKKGDTFSCMVGHEALPLAFTQKTIDRLAGKPTHVNVSVVMAEVDGTCY
IGHA,MT043314.1,"Macaca mulatta seccreted immunoglobulin alpha heavy chain constant region (IGHA) mRNA, partial cds",hinge region: VSQTKPCLCDEPRL,3,seccreted immunoglobulin alpha heavy chain constant region,QJB76121.1,CATCCCCGACCAGACCCAAGGTCTTCCCGCTGAGCCTCGAGGGCACCCAGTCAGATAACGTGGTCGTCGCCTGCCTGGTCCAGGGCTTCTTCCCCCAGGAGCCACTCAACGTGACCTGGAGCAAAAGCGGAGCGGGCGTGACCGTCATAAACTTCCCGCCCAGCCAGGACGCCTCCGGGGGCCTGTACACCACGAGCAGCCAGCTGACCCTGCCAGCTGCACAGTGCCCAGCCAGCGAGTCCGTGACATGCCACGTGGAGCACTACACAAATGCCAGACAGGATGTGGCTGTGCCCTGCGTTTCCCAAACCAAGCCTTGCTTATGTGATGAACCCCGACTGTCGCTGCGCCGACCAGCCCTCGAGGACCTGCTCCTAGGTTCCGAGGCGAACCTCACGTGCACACTGACCGGCCTGAGAGATCCCTCGGGTGCCACCTTCACCTGGACGCCCTCAAGTGGGAAGAACGCTGTCCAACAGTCACCTAAGCGTGACCCCTGTGGCTGCTACAGTGTGTCCAGTGTCCTGCCCGGCTGTGCCGAGCCATGGAACAATAGGGTGACCTTCACCTGCAAAGCTGAGCACCCTGAGTTGGAGACCCCACTAACTGCCACCATCTCAAAATCCGGAAACACATTCCGGCCCGAGGTCCACCTGCTGCCGCCGCCGTCGGAGGAGCTGGCCCTGAACGAGCTGGTGACGCTGACGTGCCTGGCACGCGGCTTCAGCCCCGAGGACGTGCTGGTTCGCTGGCTGAAGGGAACAGAGCAGCTGCCCCGTGACAAGTACCTGACTTGGGAATCCCGGAAGGAGCCCAGCCAGGGCACCACCACCTTCGCCGTGACCAGCATACTGCGCGTGGCAGCCGAGGACTGGAAGAAGGGGGACACCTTCTCCTGCATGGTGGGCCACGAGGCCCTGCCGCTGGCCTTCACACAGAAGACCATCGACCGCCTGGCGGGTAAACCCACCCACGTCAATGTGTCTGTGGTCATGGCGGAAGTGGACGGCACCTGCTACTGAGCCGCCCGCCTGTCCCCACCCCTGAATAAACTCCATGCTCCCC,CATCCCCGACCAGACCCAAGGTCTTCCCGCTGAGCCTCGAGGGCACCCAGTCAGATAACGTGGTCGTCGCCTGCCTGGTCCAGGGCTTCTTCCCCCAGGAGCCACTCAACGTGACCTGGAGCAAAAGCGGAGCGGGCGTGACCGTCATAAACTTCCCGCCCAGCCAGGACGCCTCCGGGGGCCTGTACACCACGAGCAGCCAGCTGACCCTGCCAGCTGCACAGTGCCCAGCCAGCGAGTCCGTGACATGCCACGTGGAGCACTACACAAATGCCAGACAGGATGTGGCTGTGCCCTGCGTTTCCCAAACCAAGCCTTGCTTATGTGATGAACCCCGACTGTCGCTGCGCCGACCAGCCCTCGAGGACCTGCTCCTAGGTTCCGAGGCGAACCTCACGTGCACACTGACCGGCCTGAGAGATCCCTCGGGTGCCACCTTCACCTGGACGCCCTCAAGTGGGAAGAACGCTGTCCAACAGTCACCTAAGCGTGACCCCTGTGGCTGCTACAGTGTGTCCAGTGTCCTGCCCGGCTGTGCCGAGCCATGGAACAATAGGGTGACCTTCACCTGCAAAGCTGAGCACCCTGAGTTGGAGACCCCACTAACTGCCACCATCTCAAAATCCGGAAACACATTCCGGCCCGAGGTCCACCTGCTGCCGCCGCCGTCGGAGGAGCTGGCCCTGAACGAGCTGGTGACGCTGACGTGCCTGGCACGCGGCTTCAGCCCCGAGGACGTGCTGGTTCGCTGGCTGAAGGGAACAGAGCAGCTGCCCCGTGACAAGTACCTGACTTGGGAATCCCGGAAGGAGCCCAGCCAGGGCACCACCACCTTCGCCGTGACCAGCATACTGCGCGTGGCAGCCGAGGACTGGAAGAAGGGGGACACCTTCTCCTGCATGGTGGGCCACGAGGCCCTGCCGCTGGCCTTCACACAGAAGACCATCGACCGCCTGGCGGGTAAACCCACCCACGTCAATGTGTCTGTGGTCATGGCGGAAGTGGACGGCACCTGCTACTGA,SPTRPKVFPLSLEGTQSDNVVVACLVQGFFPQEPLNVTWSKSGAGVTVINFPPSQDASGGLYTTSSQLTLPAAQCPASESVTCHVEHYTNARQDVAVPCVSQTKPCLCDEPRLSLRRPALEDLLLGSEANLTCTLTGLRDPSGATFTWTPSSGKNAVQQSPKRDPCGCYSVSSVLPGCAEPWNNRVTFTCKAEHPELETPLTATISKSGNTFRPEVHLLPPPSEELALNELVTLTCLARGFSPEDVLVRWLKGTEQLPRDKYLTWESRKEPSQGTTTFAVTSILRVAAEDWKKGDTFSCMVGHEALPLAFTQKTIDRLAGKPTHVNVSVVMAEVDGTCY
IGHA,MT043315.1,"Macaca mulatta seccreted immunoglobulin alpha heavy chain constant region (IGHA) mRNA, partial cds",hinge region: VPPPNSCLCDEPRL,3,seccreted immunoglobulin alpha heavy chain constant region,QJB76122.1,CATCCCCGACCAGCCCCAAGGTCTTCCCGCTGAGCCTCCGTGGCACCCAGTCAGATGAGAATGTGGTCGTCGCCTGCCTGGTCCAGGGCTTCTTCCCCCAGGAGCCACTCAACGTGACCTGGAGCAAAAGCGGAGAGGGCGTGACCGTCATAAACTTCCCGCCCAGCCAGGACGCCTCCGGGGGCCTGTACACCACGAGCAGCCAGCTGACCCTGCCGGCCACACAGTGCCCAGCCACAGAGTCCGTGACATGCCACGTGGAGCACTACACAAATCCCAGCCAGGATGTGGCTGTGCCCTGCGTTCCCCCACCCAACTCTTGCTTATGTGATGAACCCCGACTGTCGCTGCGCCGACCAGCCCTCGAGGACCTGCTCCTAGGTTCCGAGGCGAACCTCACGTGCACACTGACCGGCCTGAGAGATCCCTCGGGTGCCACCTTCGCCTGGACGCCCTCAAGTGGGAAGAATGCTGTCCAACAGTCACCTAAGCGTGACCCCTGTGGCTGCTACAGTGTGTCCAGTGTCCTGCCCGGCTGTGCTGAGCCATGGAACAATAGGGTGACCTTCACCTGCACTGCTAATCACCCTGAGTTGAAGACCCAACTAACTGCCACCATCTCAAAATCCGGAAACACGTTCCGGCCCGAGGTCCACCTGCTGCCGCCGCCGTCGGAGGAGCTGGCCCTGAACGAGCTGGTGACGCTGACGTGCCTGGCACGCGGCTTCAGCCCCGAGGATGTGCTGGTTCGCTGGCTGAAGGGAACAGAACAGCTGCCCCGTGACAAGTACCTGACTTGGGAATCCCGGAAGGAGCCCAGCCAGGGCACCACCACCTTCGCCGTGACCAGCATACTGCGCGTGGCAGCCGAGGACTGGAAGAAGGGGGACACCTTCTCCTGCATGGTGGGCCACGAGGCCCTGCCGCTGGCCTTCACACAGAAGACCATCGACCGCCTGGCGGGTAAACCCACCCACGTCAATGTGTCTGTGGTCATGGCGGAAGTGGACGGCACCTGCTACTGAGCCGCCCGCCTGTCCCCACCCCTGAATAAACTCCATGCTCCC,CATCCCCGACCAGCCCCAAGGTCTTCCCGCTGAGCCTCCGTGGCACCCAGTCAGATGAGAATGTGGTCGTCGCCTGCCTGGTCCAGGGCTTCTTCCCCCAGGAGCCACTCAACGTGACCTGGAGCAAAAGCGGAGAGGGCGTGACCGTCATAAACTTCCCGCCCAGCCAGGACGCCTCCGGGGGCCTGTACACCACGAGCAGCCAGCTGACCCTGCCGGCCACACAGTGCCCAGCCACAGAGTCCGTGACATGCCACGTGGAGCACTACACAAATCCCAGCCAGGATGTGGCTGTGCCCTGCGTTCCCCCACCCAACTCTTGCTTATGTGATGAACCCCGACTGTCGCTGCGCCGACCAGCCCTCGAGGACCTGCTCCTAGGTTCCGAGGCGAACCTCACGTGCACACTGACCGGCCTGAGAGATCCCTCGGGTGCCACCTTCGCCTGGACGCCCTCAAGTGGGAAGAATGCTGTCCAACAGTCACCTAAGCGTGACCCCTGTGGCTGCTACAGTGTGTCCAGTGTCCTGCCCGGCTGTGCTGAGCCATGGAACAATAGGGTGACCTTCACCTGCACTGCTAATCACCCTGAGTTGAAGACCCAACTAACTGCCACCATCTCAAAATCCGGAAACACGTTCCGGCCCGAGGTCCACCTGCTGCCGCCGCCGTCGGAGGAGCTGGCCCTGAACGAGCTGGTGACGCTGACGTGCCTGGCACGCGGCTTCAGCCCCGAGGATGTGCTGGTTCGCTGGCTGAAGGGAACAGAACAGCTGCCCCGTGACAAGTACCTGACTTGGGAATCCCGGAAGGAGCCCAGCCAGGGCACCACCACCTTCGCCGTGACCAGCATACTGCGCGTGGCAGCCGAGGACTGGAAGAAGGGGGACACCTTCTCCTGCATGGTGGGCCACGAGGCCCTGCCGCTGGCCTTCACACAGAAGACCATCGACCGCCTGGCGGGTAAACCCACCCACGTCAATGTGTCTGTGGTCATGGCGGAAGTGGACGGCACCTGCTACTGA,SPTSPKVFPLSLRGTQSDENVVVACLVQGFFPQEPLNVTWSKSGEGVTVINFPPSQDASGGLYTTSSQLTLPATQCPATESVTCHVEHYTNPSQDVAVPCVPPPNSCLCDEPRLSLRRPALEDLLLGSEANLTCTLTGLRDPSGATFAWTPSSGKNAVQQSPKRDPCGCYSVSSVLPGCAEPWNNRVTFTCTANHPELKTQLTATISKSGNTFRPEVHLLPPPSEELALNELVTLTCLARGFSPEDVLVRWLKGTEQLPRDKYLTWESRKEPSQGTTTFAVTSILRVAAEDWKKGDTFSCMVGHEALPLAFTQKTIDRLAGKPTHVNVSVVMAEVDGTCY
IGHD,MT043316.1,"Macaca mulatta secreted immunoglobulin delta heavy chain constant region (IGHD) mRNA, partial cds",,3,secreted immunoglobulin delta heavy chain constant region,QJB76123.1,CATCCACCAAGGCTCCGGATGTGTTCCCCATCACGTCAGCGTGCCAACTCCCAAAGGATAACAGCCCTGTGGTCCTGGCATGCTTGATAACTGGGTACAACCCAAAGTCCGTGACTGTCACCTGGCACCTGGGGACACAGATCCAGAACCAGATTATGTTCCCTGAGACAGAGAGAGAGGGCAGCTACACGACAAGCAGCCAGCTCGCCCCCACCCCACCCCTCTCCCAACAGCACCAAGGCGAGTACAAATGCACCGTCAAGCACACCCCCAGCGATACAAGCAAGGAGAAGACCTTCCGCTGGCCAGAGTCTCCAAAGGCACAGTACCCCTCAGTGCCCACTGTACAGCCCCAAGCAGAGGGCGGCCTCTCCAAAGCAACCAGACCCCCGGCCACCAACAGGAACACAGGAAGAAGAGAAAAGGAGGACGAGGAGGAGAAAGAACAACAAGAGGGAGAGACAAAGACCCCAGAGTGTCCAAGCCACACCCAGCCTCTCGGCGTCTACCTGCTGCCCCCGGCCCTGCAGGACCTGTGGTTCCAAGACAAAGTCACCTTCACCTGCTTCGTGGTGGGCAGTGACCTGCAGGATGCCCACCTGTCCTGGGAGGTGGCCGGGAAGGTCCCCAAAGGGGGCATGGAGGAGGGGCCGCTGGAGCAGCACAGCAACGGCTCCCAGAGCCAGCACAGCCGCCTGGCCCTACCCAGGTCCTTGTGGAATGCGGGGACCTCCGTCACCTGCACACTGAACCATCCCAGCCTCCCATCCCAGAAGCTGATGGCGCTGAGAGAACCCGCTGCCCAGGCACCCGTCAGGCTTTCCCTGAACCTGTTGGCCTCGTCTGACCCTCCGGAAGCAGCCTCATGGCTCCTGTGTGAGGTGTCTGACTTCTCGCCCCCCAACATCCTCCTGATGTGGCTGGAGAACCAGCGCGAGGTGAACACTTCTTGGTTTGCCACCACGCACCCCACTCCACAGCCTGGGAGCACCATGTTCTGGGCCTGGAGTGTGCTGCGTGTCCCAGGCCCGACCAGCCCTCAGCCAGCCACCTACACGTGTGTGGTCAGCCACGAGGACTCCAGGACTCTGCTCAACGCCAGCCGGAGCCTGGATGTCAGCTACCTGGCCACAACCCCCCCGATCCCTCAGAGCAAGGATGAGAACAGCGATGACTACACGACCTTGGATGACATGGGCAGCCTGTGGACCACCCTGTCCACGTTCGTGGCCCTCTTCGTCCTCACCCTCCTCTATAGCGGCATTGTCACTTTCATCAAGGTGAAGTAGCCCTAGAAGAGCAGGACGCCCTGTACCTGCAGAAAAGGGAAGCAGCCTCTGTGCCTCATCCGTGGATGCCAGAGAGCAGAAAGGACCCACCCTGGACTCTGCTGTACGCAGGAAAATGCACCAGCCCCTGCCTCCAGCTCCCCTCTGTCCGCCACAGAACCCAGTCTTCTAGACCAGGGGAATGGGCACCCATCACTCCGCAGGTGAAGCGGAGCACCCCTGCCCTGGCCCTAACCCCTGTGCCTCCTTCCTGTGCTTCCCCCAGAGCCAGCTAGTCCCATCTGCACCCCCCGGCCTCCCCATAAACACGCTTTGGTTCATT,CATCCACCAAGGCTCCGGATGTGTTCCCCATCACGTCAGCGTGCCAACTCCCAAAGGATAACAGCCCTGTGGTCCTGGCATGCTTGATAACTGGGTACAACCCAAAGTCCGTGACTGTCACCTGGCACCTGGGGACACAGATCCAGAACCAGATTATGTTCCCTGAGACAGAGAGAGAGGGCAGCTACACGACAAGCAGCCAGCTCGCCCCCACCCCACCCCTCTCCCAACAGCACCAAGGCGAGTACAAATGCACCGTCAAGCACACCCCCAGCGATACAAGCAAGGAGAAGACCTTCCGCTGGCCAGAGTCTCCAAAGGCACAGTACCCCTCAGTGCCCACTGTACAGCCCCAAGCAGAGGGCGGCCTCTCCAAAGCAACCAGACCCCCGGCCACCAACAGGAACACAGGAAGAAGAGAAAAGGAGGACGAGGAGGAGAAAGAACAACAAGAGGGAGAGACAAAGACCCCAGAGTGTCCAAGCCACACCCAGCCTCTCGGCGTCTACCTGCTGCCCCCGGCCCTGCAGGACCTGTGGTTCCAAGACAAAGTCACCTTCACCTGCTTCGTGGTGGGCAGTGACCTGCAGGATGCCCACCTGTCCTGGGAGGTGGCCGGGAAGGTCCCCAAAGGGGGCATGGAGGAGGGGCCGCTGGAGCAGCACAGCAACGGCTCCCAGAGCCAGCACAGCCGCCTGGCCCTACCCAGGTCCTTGTGGAATGCGGGGACCTCCGTCACCTGCACACTGAACCATCCCAGCCTCCCATCCCAGAAGCTGATGGCGCTGAGAGAACCCGCTGCCCAGGCACCCGTCAGGCTTTCCCTGAACCTGTTGGCCTCGTCTGACCCTCCGGAAGCAGCCTCATGGCTCCTGTGTGAGGTGTCTGACTTCTCGCCCCCCAACATCCTCCTGATGTGGCTGGAGAACCAGCGCGAGGTGAACACTTCTTGGTTTGCCACCACGCACCCCACTCCACAGCCTGGGAGCACCATGTTCTGGGCCTGGAGTGTGCTGCGTGTCCCAGGCCCGACCAGCCCTCAGCCAGCCACCTACACGTGTGTGGTCAGCCACGAGGACTCCAGGACTCTGCTCAACGCCAGCCGGAGCCTGGATGTCAGCTACCTGGCCACAACCCCCCCGATCCCTCAGAGCAAGGATGAGAACAGCGATGACTACACGACCTTGGATGACATGGGCAGCCTGTGGACCACCCTGTCCACGTTCGTGGCCCTCTTCGTCCTCACCCTCCTCTATAGCGGCATTGTCACTTTCATCAAGGTGAAGTAG,STKAPDVFPITSACQLPKDNSPVVLACLITGYNPKSVTVTWHLGTQIQNQIMFPETEREGSYTTSSQLAPTPPLSQQHQGEYKCTVKHTPSDTSKEKTFRWPESPKAQYPSVPTVQPQAEGGLSKATRPPATNRNTGRREKEDEEEKEQQEGETKTPECPSHTQPLGVYLLPPALQDLWFQDKVTFTCFVVGSDLQDAHLSWEVAGKVPKGGMEEGPLEQHSNGSQSQHSRLALPRSLWNAGTSVTCTLNHPSLPSQKLMALREPAAQAPVRLSLNLLASSDPPEAASWLLCEVSDFSPPNILLMWLENQREVNTSWFATTHPTPQPGSTMFWAWSVLRVPGPTSPQPATYTCVVSHEDSRTLLNASRSLDVSYLATTPPIPQSKDENSDDYTTLDDMGSLWTTLSTFVALFVLTLLYSGIVTFIKVK
IGHE,MT043317.1,"Macaca mulatta secreted immunoglobulin epsilon heavy chain constant region (IGHE) mRNA, partial cds",,3,secreted immunoglobulin epsilon heavy chain constant region,QJB76124.1,CCTCCATACAGAGCCCCTTCGTCTTCCCCTTGATCCCCTGCTGCAAACACATTGCCTCCAATGCCACCTCCGTGACCCTGGGCTGCCTGGCCACGGGCTACTTCCCGGAGCCGGTGATGGTGACCTGGGACGCAGGCTCCCTCAACAGAAGCACTATGACCTTACCAGCCACCACCTTCACGCCCTCCGGTCACTATGCCACCATCAGCTTGCTGACCGTCTCGGGTGCGTGGGCCAAGGAGACGTTCACCTGCCATGTGGTGCACACTCCATCGTCCGCAGACAAAGAGGTCAACAAAACCTTTGGCGTCTGCTCCAGGAACTTCACCCCACCTACCGTGAAGATCTTACAGTCATCCTGCGATGACGACGGGCACTTTCCCCCGACCATCCAGCTCCTGTGCCTCATCTCCGGGTACACCCCAGGGGCCATCAATGTCACCTGGCTGGAGAACGGGCAGGTCATGAAAGTGAACTCGCCCACCCCTCCTGCCACGCAGGAGGGTGAGCTGGCCTCCACACAAAGTGAGTTCACCCTCGCCCAGAAGCACTGGCTGTCGGACCGCACTTACACCTGCCAGGTCACCTATCAAGGTACCACCTATAACGACAGCACCAAGAAGTGTGCAGATTCCAACCCGAGAGGGGTGAGTGCCTACCTAAGCCGGCCCAGCCCGTTTGACCTGTTCATCAGCAAGTCGCCCACGATCACCTGTCTGGTGGTGGACCTGGCACCCAGCAAGGAGACCGTGAACCTGACCTGGTCCCGGGCCAGTGGGAAGCCTGTGCCCCACATCCCCGCAACGGAGAAGAAGCAGCAGCGCAATGGCACCTTAACCGTTACGTCCATCCTGCCGGTGGTCACCCAAGACTGGATCGAGGGGGAGACCTACCAGTGCAGGGTGACCCACCCCCACCTCCCCAGGGCCCTCGTGCGGTCCATGACCAAGACCAGCGGCCCGCGTGCTGCCCCGGAAGTCTATGTGTTTGCAACGCCAGAGAAGCTAGAGAGCCGGGACAAGCGCACCCTCGCCTGCCTGATCGAGAACTTCATGCCTGAGGACATATCGGTGCAGTGGCTGCACAGCGACGTGCAGCTCCCGGACGCCCGGCACAGCGTGACGCAGCCCCGCAAGACCAAGGGCTCCGGCTTCTTCGTCTTCAGCCGCCTGGAGGTGACCAAGGCCGAATGGGAGCAGAAAGACGAGTTCATCTGCCGTGCAGTCCATGAGGCAGCGAGCCCCTCATGGATCGTCCAGCAAGCGGTGTCTGTAAATCCCGGTAAATGATGCACTCCTGCCTCCCTCCCTCTCAGGGCTCCATCCAGCTGTGCAGTGGGGAGGGCTGGCCTGTCCACTGTTGCAACCACTCCAGGAAGCCACCCCCAATAAACCGTGCCTGCT,CCTCCATACAGAGCCCCTTCGTCTTCCCCTTGATCCCCTGCTGCAAACACATTGCCTCCAATGCCACCTCCGTGACCCTGGGCTGCCTGGCCACGGGCTACTTCCCGGAGCCGGTGATGGTGACCTGGGACGCAGGCTCCCTCAACAGAAGCACTATGACCTTACCAGCCACCACCTTCACGCCCTCCGGTCACTATGCCACCATCAGCTTGCTGACCGTCTCGGGTGCGTGGGCCAAGGAGACGTTCACCTGCCATGTGGTGCACACTCCATCGTCCGCAGACAAAGAGGTCAACAAAACCTTTGGCGTCTGCTCCAGGAACTTCACCCCACCTACCGTGAAGATCTTACAGTCATCCTGCGATGACGACGGGCACTTTCCCCCGACCATCCAGCTCCTGTGCCTCATCTCCGGGTACACCCCAGGGGCCATCAATGTCACCTGGCTGGAGAACGGGCAGGTCATGAAAGTGAACTCGCCCACCCCTCCTGCCACGCAGGAGGGTGAGCTGGCCTCCACACAAAGTGAGTTCACCCTCGCCCAGAAGCACTGGCTGTCGGACCGCACTTACACCTGCCAGGTCACCTATCAAGGTACCACCTATAACGACAGCACCAAGAAGTGTGCAGATTCCAACCCGAGAGGGGTGAGTGCCTACCTAAGCCGGCCCAGCCCGTTTGACCTGTTCATCAGCAAGTCGCCCACGATCACCTGTCTGGTGGTGGACCTGGCACCCAGCAAGGAGACCGTGAACCTGACCTGGTCCCGGGCCAGTGGGAAGCCTGTGCCCCACATCCCCGCAACGGAGAAGAAGCAGCAGCGCAATGGCACCTTAACCGTTACGTCCATCCTGCCGGTGGTCACCCAAGACTGGATCGAGGGGGAGACCTACCAGTGCAGGGTGACCCACCCCCACCTCCCCAGGGCCCTCGTGCGGTCCATGACCAAGACCAGCGGCCCGCGTGCTGCCCCGGAAGTCTATGTGTTTGCAACGCCAGAGAAGCTAGAGAGCCGGGACAAGCGCACCCTCGCCTGCCTGATCGAGAACTTCATGCCTGAGGACATATCGGTGCAGTGGCTGCACAGCGACGTGCAGCTCCCGGACGCCCGGCACAGCGTGACGCAGCCCCGCAAGACCAAGGGCTCCGGCTTCTTCGTCTTCAGCCGCCTGGAGGTGACCAAGGCCGAATGGGAGCAGAAAGACGAGTTCATCTGCCGTGCAGTCCATGAGGCAGCGAGCCCCTCATGGATCGTCCAGCAAGCGGTGTCTGTAAATCCCGGTAAATGA,SIQSPFVFPLIPCCKHIASNATSVTLGCLATGYFPEPVMVTWDAGSLNRSTMTLPATTFTPSGHYATISLLTVSGAWAKETFTCHVVHTPSSADKEVNKTFGVCSRNFTPPTVKILQSSCDDDGHFPPTIQLLCLISGYTPGAINVTWLENGQVMKVNSPTPPATQEGELASTQSEFTLAQKHWLSDRTYTCQVTYQGTTYNDSTKKCADSNPRGVSAYLSRPSPFDLFISKSPTITCLVVDLAPSKETVNLTWSRASGKPVPHIPATEKKQQRNGTLTVTSILPVVTQDWIEGETYQCRVTHPHLPRALVRSMTKTSGPRAAPEVYVFATPEKLESRDKRTLACLIENFMPEDISVQWLHSDVQLPDARHSVTQPRKTKGSGFFVFSRLEVTKAEWEQKDEFICRAVHEAASPSWIVQQAVSVNPGK
IGHG1,MT043318.1,"Macaca mulatta secreted immunoglobulin gamma 1 heavy chain constant region (IGHG1) mRNA, partial cds",,3,secreted immunoglobulin gamma 1 heavy chain constant region,QJB76125.1,CCTCCACCAAGGGCCCATCGGTCTTCCCCCTGGCGCCCTCCTCCAGGAGCACCTCCGAGAGCACAGCGGCCCTGGGCTGCCTGGTCAAGGACTACTTCCCTGAACCCGTGACCGTGTCGTGGAACTCAGGCTCCCTGACCAGCGGCGTGCACACCTTCCCGGCTGTCCTACAGTCCTCAGGGCTCTACTCCCTCAGCAGCGTGGTGACCGTGCCCTCCAGCAGCTTGGGCACCCAGACCTACGTCTGCAACGTAAACCACAAGCCCAGCAACACCAAGGTGGACAAGAGAGTTGAGATAAAAACATGTGGTGGTGGCAGCAAACCTCCCACGTGCCCACCGTGCCCAGCACCTGAACTCCTGGGGGGACCGTCAGTCTTCCTCTTCCCCCCAAAACCCAAGGACACCCTCATGATCTCCCGGACCCCTGAGGTCACGTGCGTGGTGGTAGACGTGAGCCCAGGAAGACCCCGATGTCAAGTTCAACTGGTACGTAAAGGCGCGGAGGTGCATCATGCCCAGACGAAGCCACGGGAGACGCAGTACAACAGCACATATCGTGTGGTCAGCGTCCTCACCGTCACGCACCAGGACTGGCTGAACGGCAAGGAGTACACGTGCAAGGTCTCCAACAAAGCCCTCCCGGCCCCCATCCAGAAAACCATCTCCAAAGACAAAGGGCAGCCCCGAGAGCCTCAGGTGTACACCCTGCCCCCGTCCCGGGAGGAGCTGACCAAGAACCAGGTCAGCCTGACCTGCCTGGTCAAAGGCTTCTACCCCAGCGACATCGTCGTGGAGTGGGAGAGCAGCGGGCAGCCGGAGAACACCTACAAGACCACCCCGCCCGTGCTGGACTCCGACGGCTCCTACTTCCTCTACAGCAAGCTCACCGTGGACAAGAGCAGGTGGCAGCAGGGGAACGTCTTCTCATGCTCCGTGATGCATGAGGCTCTGCACAACCACTACACCCAGAAGAGCCTCTCCGTGTCTCCGGGTAAATGAGTGCGACACCCGGCAAGCCCCCGCCCCCCGGGCTCTCGGGGTGGCACGAGGATGCTTGGCCCGCACCCCGTGTACATACTTCCCAGGCGCCCGGCATGGAAATAAAGCACCCAGCGCTGCCCTGGGCCCCT,CCTCCACCAAGGGCCCATCGGTCTTCCCCCTGGCGCCCTCCTCCAGGAGCACCTCCGAGAGCACAGCGGCCCTGGGCTGCCTGGTCAAGGACTACTTCCCTGAACCCGTGACCGTGTCGTGGAACTCAGGCTCCCTGACCAGCGGCGTGCACACCTTCCCGGCTGTCCTACAGTCCTCAGGGCTCTACTCCCTCAGCAGCGTGGTGACCGTGCCCTCCAGCAGCTTGGGCACCCAGACCTACGTCTGCAACGTAAACCACAAGCCCAGCAACACCAAGGTGGACAAGAGAGTTGAGATAAAAACATGTGGTGGTGGCAGCAAACCTCCCACGTGCCCACCGTGCCCAGCACCTGAACTCCTGGGGGGACCGTCAGTCTTCCTCTTCCCCCCAAAACCCAAGGACACCCTCATGATCTCCCGGACCCCTGAGGTCACGTGCGTGGTGGTAGACGTGAGCCCAGGAAGACCCCGATGTCAAGTTCAACTGGTACGTAAAGGCGCGGAGGTGCATCATGCCCAGACGAAGCCACGGGAGACGCAGTACAACAGCACATATCGTGTGGTCAGCGTCCTCACCGTCACGCACCAGGACTGGCTGAACGGCAAGGAGTACACGTGCAAGGTCTCCAACAAAGCCCTCCCGGCCCCCATCCAGAAAACCATCTCCAAAGACAAAGGGCAGCCCCGAGAGCCTCAGGTGTACACCCTGCCCCCGTCCCGGGAGGAGCTGACCAAGAACCAGGTCAGCCTGACCTGCCTGGTCAAAGGCTTCTACCCCAGCGACATCGTCGTGGAGTGGGAGAGCAGCGGGCAGCCGGAGAACACCTACAAGACCACCCCGCCCGTGCTGGACTCCGACGGCTCCTACTTCCTCTACAGCAAGCTCACCGTGGACAAGAGCAGGTGGCAGCAGGGGAACGTCTTCTCATGCTCCGTGATGCATGAGGCTCTGCACAACCACTACACCCAGAAGAGCCTCTCCGTGTCTCCGGGTAAATGA,STKGPSVFPLAPSSRSTSESTAALGCLVKDYFPEPVTVSWNSGSLTSGVHTFPAVLQSSGLYSLSSVVTVPSSSLGTQTYVCNVNHKPSNTKVDKRVEIKTCGGGSKPPTCPPCPAPELLGGPSVFLFPPKPKDTLMISRTPEVTCVVVDVSPGRPRCQVQLVRKGAEVHHAQTKPRETQYNSTYRVVSVLTVTHQDWLNGKEYTCKVSNKALPAPIQKTISKDKGQPREPQVYTLPPSREELTKNQVSLTCLVKGFYPSDIVVEWESSGQPENTYKTTPPVLDSDGSYFLYSKLTVDKSRWQQGNVFSCSVMHEALHNHYTQKSLSVSPGK
IGHG2,MT043319.1,"Macaca mulatta secreted immunoglobulin gamma 2 heavy chain constant region (IGHG2) mRNA, partial cds",,3,secreted immunoglobulin gamma 2 heavy chain constant region,QJB76126.1,CCTCCACCAAGGGCCCATCGGTCTTCCCCCTGGCGTCCTGCTCCAGGAGCACCTCCCAGAGCACAGCGGCCCTGGGCTGCCTGGTCAAGGACTACTTCCCCGAACCCGTGACCGTGTCGTGGAACTCAGGCGCCCTGACCAGCGGCGTGCACACCTTCCAGGCTGTCCTACAGTCCTCAGGGCTCTACTCCCTCAGCAGCGTGGTGACCGTGCCCTCCAGCAGCTTGGGCACCCAGACCTACGTCTGCAACGTCGTTCATGAGCCCAGCAACACCAAGGTGGACAAGACAGTTGGGCTCCCATGTCGTTCCACGTGCCCACCGTGCCCAGCTGAACTCCTGGGGGGACCATCAGTCTTCCTCTTCCCCCCAAAACCCAAGGACACCCTCATGATTTCCCGGACCCCTGAGGTCACGTGCGTGGTGGTAGACGTGAGCCAGGAAGAACCCGATGTCAAGTTCAACTGGTACGTGGACGGCGTGGAGGTGCACAATGCCCAGACGAAGCCACGGGAGGAGCAGTTCAACAGCACGTACCGCGTGGTCAGCGTCCTCACCGTCACACACCAGGACTGGCTGAACGGCAAGGAGTACACGTGCAAGGTCTCCAACAAAGCCCTCCCGGCCCCAAAGCAGAAAACTGTCTCCAAAACCAAAGGGCAGCCCCGAGAGCCACAGGTGTACACCCTGCCCCCGCCCCGGGAGGAGCTGACCAAGAACCAGGTCAGCCTGACCTGCCTGGTCAAAGGCTTCTACCCCAGCGACATCGTCGTGGAGTGGGCGAGCAACGGGCAGCCGGAGAACACCTACAAGACCACGCCGCCTGTGCTGGACTCCGACGGCTCCTACTTCCTCTACAGCAAGCTCACCGTGGACAAGAGCAGGTGGCAGCAGGGGAACACCTTCTCATGCTCCGTGATGCATGAGGCTCTGCACAACCACTACACCCAGAAGAGCCTCTCCGTGTCTCCGGGTAAATGAGTGCGACACCCGGCAAGCCCCCGCCCCCCGGGCTCTCGGGGTGGCACGAGGATGCTTGGCCCGCACCCCGTGTACATACTTCCCAGGCGCCCGGCATGGAAATAAAGCACCCAGCGCTGCCCTGGGCCCCTG,CCTCCACCAAGGGCCCATCGGTCTTCCCCCTGGCGTCCTGCTCCAGGAGCACCTCCCAGAGCACAGCGGCCCTGGGCTGCCTGGTCAAGGACTACTTCCCCGAACCCGTGACCGTGTCGTGGAACTCAGGCGCCCTGACCAGCGGCGTGCACACCTTCCAGGCTGTCCTACAGTCCTCAGGGCTCTACTCCCTCAGCAGCGTGGTGACCGTGCCCTCCAGCAGCTTGGGCACCCAGACCTACGTCTGCAACGTCGTTCATGAGCCCAGCAACACCAAGGTGGACAAGACAGTTGGGCTCCCATGTCGTTCCACGTGCCCACCGTGCCCAGCTGAACTCCTGGGGGGACCATCAGTCTTCCTCTTCCCCCCAAAACCCAAGGACACCCTCATGATTTCCCGGACCCCTGAGGTCACGTGCGTGGTGGTAGACGTGAGCCAGGAAGAACCCGATGTCAAGTTCAACTGGTACGTGGACGGCGTGGAGGTGCACAATGCCCAGACGAAGCCACGGGAGGAGCAGTTCAACAGCACGTACCGCGTGGTCAGCGTCCTCACCGTCACACACCAGGACTGGCTGAACGGCAAGGAGTACACGTGCAAGGTCTCCAACAAAGCCCTCCCGGCCCCAAAGCAGAAAACTGTCTCCAAAACCAAAGGGCAGCCCCGAGAGCCACAGGTGTACACCCTGCCCCCGCCCCGGGAGGAGCTGACCAAGAACCAGGTCAGCCTGACCTGCCTGGTCAAAGGCTTCTACCCCAGCGACATCGTCGTGGAGTGGGCGAGCAACGGGCAGCCGGAGAACACCTACAAGACCACGCCGCCTGTGCTGGACTCCGACGGCTCCTACTTCCTCTACAGCAAGCTCACCGTGGACAAGAGCAGGTGGCAGCAGGGGAACACCTTCTCATGCTCCGTGATGCATGAGGCTCTGCACAACCACTACACCCAGAAGAGCCTCTCCGTGTCTCCGGGTAAATGA,STKGPSVFPLASCSRSTSQSTAALGCLVKDYFPEPVTVSWNSGALTSGVHTFQAVLQSSGLYSLSSVVTVPSSSLGTQTYVCNVVHEPSNTKVDKTVGLPCRSTCPPCPAELLGGPSVFLFPPKPKDTLMISRTPEVTCVVVDVSQEEPDVKFNWYVDGVEVHNAQTKPREEQFNSTYRVVSVLTVTHQDWLNGKEYTCKVSNKALPAPKQKTVSKTKGQPREPQVYTLPPPREELTKNQVSLTCLVKGFYPSDIVVEWASNGQPENTYKTTPPVLDSDGSYFLYSKLTVDKSRWQQGNTFSCSVMHEALHNHYTQKSLSVSPGK
IGHG3,MT043320.1,"Macaca mulatta secreted immunoglobulin gamma 3 heavy chain constant region (IGHG3) mRNA, partial cds",,3,secreted immunoglobulin gamma 3 heavy chain constant region,QJB76127.1,CCTCCACCAAGGGCCCATCGGTCTTCCCCCTGGCGTCCTGCTCCAGGAGCACCTCCCAGAGCACAGCGGCCCTGGGCTGCCTGGTCAAGGACTACTTCCCCGAACCTGTGACCGTGTCGTGGAACTCAGGCGCCCTGACCAGCGGCGTGCACACCTTCCCGGCTGTCCTACAGTCCTCAGGGCTCTACTCCCTCAGCAGCGTGGTGACCGTGCCCTCCAGCAGCTTGGGCACCCAGACCTACGTCTGCAACGTCGTTCATGAGCCCAGCAACACCAAGGTGGACAAGAGAGTTGAGTTCACACCCCCATGTGGTGACACAACTCCCCCATGCCCACCATGCCCAGCACCTGAACTCCTGGGGGGACCGTCAGTCTTCCTCTTCCCCCCAAAACCCAAGGACACCCTCATGATTTCCCGGACCCCTGAGGTCACGTGCGTGGTGGTAGACGTGAGCCAGGAAGACCCCGAGGTCCAGTTCAACTGGTACGTGGACGGCGCGGAGGTGCATCATGCCCAGACGAAGCCACGGGAGAGGCAGTTCAACAGCACGTACCGCGTGGTCAGCGTCCTCACCGTCACACACCAGGACTGGCTGAACGGCAAGGAGTACACGTGCAAGGTCTCCAACAAAGGCCTCCCGGCCCCCATCGAGAAAACCATCTCCAAAGCCAAAGGGCAGCCCCGAGAGCCGCAGGTGTACATCCTGCCCCCGCCCCAGGAGGAGCTGACCAAGAACCAGGTCAGCCTGACCTGCCTGGTCACAGGCTTCTACCCCAGCGACATCGCCGTGGAGTGGGAGAGCAACGGGCAGCCGGAGAACACCTACAAGACCACACCGCCCGTGCTGGACTCCGACGGCTCCTACTTCCTCTACAGCAAGCTCACCGTGGACAAGAGCAGGTGGCAGCAGGGGAACACCTTCTCATGCTCCGTGATGCATGAGGCTCTGCACAACCACTACACCCAGAAGAGCCTCTCCGTGTCTCCGGGTAAATGAGTGCGACACCCGGCAAGCCCCCGCCCCCCGGGCTCTCGGGGTGGCACGAGGATGCTTGGCCCGCACCCCGTGTACATACTTCCCAGGTGCCCGGCATGGAAATAAAGCACCCAGCGCTGCCCTGGGCCCCT,CCTCCACCAAGGGCCCATCGGTCTTCCCCCTGGCGTCCTGCTCCAGGAGCACCTCCCAGAGCACAGCGGCCCTGGGCTGCCTGGTCAAGGACTACTTCCCCGAACCTGTGACCGTGTCGTGGAACTCAGGCGCCCTGACCAGCGGCGTGCACACCTTCCCGGCTGTCCTACAGTCCTCAGGGCTCTACTCCCTCAGCAGCGTGGTGACCGTGCCCTCCAGCAGCTTGGGCACCCAGACCTACGTCTGCAACGTCGTTCATGAGCCCAGCAACACCAAGGTGGACAAGAGAGTTGAGTTCACACCCCCATGTGGTGACACAACTCCCCCATGCCCACCATGCCCAGCACCTGAACTCCTGGGGGGACCGTCAGTCTTCCTCTTCCCCCCAAAACCCAAGGACACCCTCATGATTTCCCGGACCCCTGAGGTCACGTGCGTGGTGGTAGACGTGAGCCAGGAAGACCCCGAGGTCCAGTTCAACTGGTACGTGGACGGCGCGGAGGTGCATCATGCCCAGACGAAGCCACGGGAGAGGCAGTTCAACAGCACGTACCGCGTGGTCAGCGTCCTCACCGTCACACACCAGGACTGGCTGAACGGCAAGGAGTACACGTGCAAGGTCTCCAACAAAGGCCTCCCGGCCCCCATCGAGAAAACCATCTCCAAAGCCAAAGGGCAGCCCCGAGAGCCGCAGGTGTACATCCTGCCCCCGCCCCAGGAGGAGCTGACCAAGAACCAGGTCAGCCTGACCTGCCTGGTCACAGGCTTCTACCCCAGCGACATCGCCGTGGAGTGGGAGAGCAACGGGCAGCCGGAGAACACCTACAAGACCACACCGCCCGTGCTGGACTCCGACGGCTCCTACTTCCTCTACAGCAAGCTCACCGTGGACAAGAGCAGGTGGCAGCAGGGGAACACCTTCTCATGCTCCGTGATGCATGAGGCTCTGCACAACCACTACACCCAGAAGAGCCTCTCCGTGTCTCCGGGTAAATGA,STKGPSVFPLASCSRSTSQSTAALGCLVKDYFPEPVTVSWNSGALTSGVHTFPAVLQSSGLYSLSSVVTVPSSSLGTQTYVCNVVHEPSNTKVDKRVEFTPPCGDTTPPCPPCPAPELLGGPSVFLFPPKPKDTLMISRTPEVTCVVVDVSQEDPEVQFNWYVDGAEVHHAQTKPRERQFNSTYRVVSVLTVTHQDWLNGKEYTCKVSNKGLPAPIEKTISKAKGQPREPQVYILPPPQEELTKNQVSLTCLVTGFYPSDIAVEWESNGQPENTYKTTPPVLDSDGSYFLYSKLTVDKSRWQQGNTFSCSVMHEALHNHYTQKSLSVSPGK
IGHG4,MT043321.1,"Macaca mulatta secreted immunoglobulin gamma 4 heavy chain constant region (IGHG4) mRNA, partial cds",,3,secreted immunoglobulin gamma 4 heavy chain constant region,QJB76128.1,CCTCCACCAAGGGCCCATCGGTCTTCCCCCTGGCGTCCTCCTCCAGGAGCACCTCCGAGAGCACAGCGGCCCTGGGCTGCCTGGTCAAGGACTACTTCCCCGAACCCGTGACTGTGTCGTGGAACTCAGGCGCCCTGACCAGCGGCGTGCACACCTTCCCGGCTGTCCTACAGTCCTCAGGGCTCTACTCCCTCAGCAGCGTGGTGACCGTGCCCTCCAGCAGCTTGGGCACCCAGACCTACGTCTGCAACATCGTTCATGAGCCCAGCAACACCAAGGTGGACAAGAGAGTTGAGTTCACACCCCCATGCCCAGCATGCCCAGCACCTGAACTCCTGGGGGGACCGTCAGTCTTCCTCTTCCCCCCAAAACCCAAGGACACCCTCATGATCTCCCGGACCCCTGAGGTCACGTGCGTGGTGGTGGACGTGAGCCAGGAAGACCCCGAGGTCCAGTTCAACTGGTACGTGGACGGCGCGGAGGTGCATCATGCCCAGACGAAGCCACGGGAGAGGCAGTTCAACAGCACGTACCGCGTGGTCAGCGTCCTCACCGTCACACACCAGGACTGGCTGAACGGCAAGGAGTACACGTGCAAGGTCTCCAACAAAGGCCTCCCGGCCCCCATCGAGAAAACCATCTCCAAAGCCAAAGGGCAGCCCCGAGAGCCGCAGGTGTACATCCTGCCCCCGCCCCAGGAGGAGCTGACCAAGAACCAGGTCAGCCTGACCTGCCTGGTCACAGGCTTCTACCCCAGCGACATCGCCGTGGAGTGGGAGAGCAACGGGCAGCCGGAGAACACCTACAAGACCACACCGCCCGTGCTGGACTCCGACGGCTCCTACTTGCTCTACAGCAAGCTCACCGTGAACAAGAGCAGGTGGCAACCGGGGAACATCTTCACATGCTCCGTGATGCATGAGGCTCTGCACAACCACTACACCCAGAAGAGCCTCTCTGTGTCTCCGGGTAAATGAGTGCAACACCCGGCAAGCCCCCGCCCCCCGGGCTCTCGGGGTGGCGCGAGGATGCTTGACCCGCACCCCGTGTACATACTTCCCAGGCGCCCGGCATGGAAATAAAGCACCCAGCGCTGCCCTGGGCCCCTG,CCTCCACCAAGGGCCCATCGGTCTTCCCCCTGGCGTCCTCCTCCAGGAGCACCTCCGAGAGCACAGCGGCCCTGGGCTGCCTGGTCAAGGACTACTTCCCCGAACCCGTGACTGTGTCGTGGAACTCAGGCGCCCTGACCAGCGGCGTGCACACCTTCCCGGCTGTCCTACAGTCCTCAGGGCTCTACTCCCTCAGCAGCGTGGTGACCGTGCCCTCCAGCAGCTTGGGCACCCAGACCTACGTCTGCAACATCGTTCATGAGCCCAGCAACACCAAGGTGGACAAGAGAGTTGAGTTCACACCCCCATGCCCAGCATGCCCAGCACCTGAACTCCTGGGGGGACCGTCAGTCTTCCTCTTCCCCCCAAAACCCAAGGACACCCTCATGATCTCCCGGACCCCTGAGGTCACGTGCGTGGTGGTGGACGTGAGCCAGGAAGACCCCGAGGTCCAGTTCAACTGGTACGTGGACGGCGCGGAGGTGCATCATGCCCAGACGAAGCCACGGGAGAGGCAGTTCAACAGCACGTACCGCGTGGTCAGCGTCCTCACCGTCACACACCAGGACTGGCTGAACGGCAAGGAGTACACGTGCAAGGTCTCCAACAAAGGCCTCCCGGCCCCCATCGAGAAAACCATCTCCAAAGCCAAAGGGCAGCCCCGAGAGCCGCAGGTGTACATCCTGCCCCCGCCCCAGGAGGAGCTGACCAAGAACCAGGTCAGCCTGACCTGCCTGGTCACAGGCTTCTACCCCAGCGACATCGCCGTGGAGTGGGAGAGCAACGGGCAGCCGGAGAACACCTACAAGACCACACCGCCCGTGCTGGACTCCGACGGCTCCTACTTGCTCTACAGCAAGCTCACCGTGAACAAGAGCAGGTGGCAACCGGGGAACATCTTCACATGCTCCGTGATGCATGAGGCTCTGCACAACCACTACACCCAGAAGAGCCTCTCTGTGTCTCCGGGTAAATGA,STKGPSVFPLASSSRSTSESTAALGCLVKDYFPEPVTVSWNSGALTSGVHTFPAVLQSSGLYSLSSVVTVPSSSLGTQTYVCNIVHEPSNTKVDKRVEFTPPCPACPAPELLGGPSVFLFPPKPKDTLMISRTPEVTCVVVDVSQEDPEVQFNWYVDGAEVHHAQTKPRERQFNSTYRVVSVLTVTHQDWLNGKEYTCKVSNKGLPAPIEKTISKAKGQPREPQVYILPPPQEELTKNQVSLTCLVTGFYPSDIAVEWESNGQPENTYKTTPPVLDSDGSYLLYSKLTVNKSRWQPGNIFTCSVMHEALHNHYTQKSLSVSPGK
IGHM,MT043322.1,"Macaca mulatta membrane-bound immunoglobulin mu heavy chain constant region (IGHM) mRNA, partial cds",,3,membrane-bound immunoglobulin mu heavy chain constant region,QJB76129.1,GGAGTGCATCCGCCCCAACCCTTTTCCCCCTCGTCTCCTGTGAGAATGCCCCGTTGGATACAAACGAAGTGGCCGTTGGCTGCCTCGCACAGGACTTCCTTCCCGACTCCATCACTTTCTCCTGGAAATTCAAGAACAACTCTGACATCAGCAAAGGCGTCTGGGGCTTCCCATCAGTCCTGAGAGGGGGCAAGTACGCGGCCACCTCGCAGGTGCTGCTGGCTTCCAAGGACGTCATGCAGGGCACAGACGAACACGTGGTATGCAAAGTCCAGCACCCCAATGGCAACAAAGAACAGAACGTGCCTCTTCCAGTGGTTGCCGAGCGGCCTCCCAACGTGAGTGTCTTCGTCCCACCCCGAGACGGCTTCGTCGGCAACCCCCGCGAGTCCAAGCTCATCTGCCAGGCCACAGGTTTCAGCCCCCGGCAGATTGAGGTGTCCTGGCTGCGCGAGGGGAAGCAGGTGGGGTCTGGCATCACCACGGACCGGGTGGAGGCTGAAGCCAAAGAGTCTGGGCCCACAACCTTCAAGGTGACCAGCACACTGACCGTCAGCGAGAGAGACTGGCTCAGCCAGAGCGTGTTCACCTGCCGCGTGGATCACAGGGGCCTGACCTTCCAGAAGAACGTGTCCTCCGTGTGTGGCCCCAATCCAGACACAGCCATCCGGGTCTTCGCCATCCCCCCATCCTTTGCCAGCATCTTCCTCACCAAGTCCACCAAGTTGACCTGCCTGGTCACAGACCTGGCCACCTACGACAGTGTGACCATCACCTGGACCCGCCAGAATGGCGAAGCTCTGAAAACCCACACCAACATCTCCGAGAGCCACCCCAATGGCACCTTCAGCGCTGTGGGTGAGGCCAGCATCTGCGAGGACGACTGGAACTCCGGGGAGAGGTTCAGGTGCACCGTGACCCACACGGACCTGCCCTCGCCGCTGAAGCAGACCATCTCCAGGCCCAAGGGGGTGGCCATGCACAGGCCCGATGTCTACTTGCTGCCACCAGCCCGGGAACAGCTGAACCTGCGGGAGTCGGCCACCATCACCTGCCTGGTGACGGGCTTCTCTCCCGCGGACATCTTCGTGCAGTGGATGCAGAGGGGGCAGCCTTTGTCCCCGGAGAAGTATGTGACCAGTGCCCCAATGCCTGAGCCCCAGGCCCCAGGCCGGTACTTCGCCCACAGCATCCTGACCGTGTCTGAAGAGGACTGGAACACGGGGGAGACCTACACCTGCGTCGTGGCCCATGAGGCCCTGCCCAACAGGGTCACCGAGAGGACCGTGGACAAGTCCACCGAGGGGGAGGTGAGTGCTGACGAGGAGGGCTTTGAGAACCTGTGGGCCACTGCCTCCACCTTCATCGTCCTCTTCCTCTTGAGCCTCTTCTACAGTACCACTGTCACCTTGTTCAAGGTGAAATGATCCCAACAGAAGAACATCGGAAACCAGAGACAGGAACTCAAAGGGGCGCTGCCTCCGGGTCTGGGGTCCCGGCCTGCGTGGCCTGTTGGCGCGTGTTTCTCTTCCCTGCCCGGCCTCCAGCTATGTGCTCTAACACAGGATTCCTTCTAGAGAGGCAGGGGCGGGCTGGCGTGCGGACCACGACGGGGGCTCCACCCCACACCGCTTTGCTGTGTATACGCTTGTTGCCCTGAAATAAATATGCACATTTTATCC,GGAGTGCATCCGCCCCAACCCTTTTCCCCCTCGTCTCCTGTGAGAATGCCCCGTTGGATACAAACGAAGTGGCCGTTGGCTGCCTCGCACAGGACTTCCTTCCCGACTCCATCACTTTCTCCTGGAAATTCAAGAACAACTCTGACATCAGCAAAGGCGTCTGGGGCTTCCCATCAGTCCTGAGAGGGGGCAAGTACGCGGCCACCTCGCAGGTGCTGCTGGCTTCCAAGGACGTCATGCAGGGCACAGACGAACACGTGGTATGCAAAGTCCAGCACCCCAATGGCAACAAAGAACAGAACGTGCCTCTTCCAGTGGTTGCCGAGCGGCCTCCCAACGTGAGTGTCTTCGTCCCACCCCGAGACGGCTTCGTCGGCAACCCCCGCGAGTCCAAGCTCATCTGCCAGGCCACAGGTTTCAGCCCCCGGCAGATTGAGGTGTCCTGGCTGCGCGAGGGGAAGCAGGTGGGGTCTGGCATCACCACGGACCGGGTGGAGGCTGAAGCCAAAGAGTCTGGGCCCACAACCTTCAAGGTGACCAGCACACTGACCGTCAGCGAGAGAGACTGGCTCAGCCAGAGCGTGTTCACCTGCCGCGTGGATCACAGGGGCCTGACCTTCCAGAAGAACGTGTCCTCCGTGTGTGGCCCCAATCCAGACACAGCCATCCGGGTCTTCGCCATCCCCCCATCCTTTGCCAGCATCTTCCTCACCAAGTCCACCAAGTTGACCTGCCTGGTCACAGACCTGGCCACCTACGACAGTGTGACCATCACCTGGACCCGCCAGAATGGCGAAGCTCTGAAAACCCACACCAACATCTCCGAGAGCCACCCCAATGGCACCTTCAGCGCTGTGGGTGAGGCCAGCATCTGCGAGGACGACTGGAACTCCGGGGAGAGGTTCAGGTGCACCGTGACCCACACGGACCTGCCCTCGCCGCTGAAGCAGACCATCTCCAGGCCCAAGGGGGTGGCCATGCACAGGCCCGATGTCTACTTGCTGCCACCAGCCCGGGAACAGCTGAACCTGCGGGAGTCGGCCACCATCACCTGCCTGGTGACGGGCTTCTCTCCCGCGGACATCTTCGTGCAGTGGATGCAGAGGGGGCAGCCTTTGTCCCCGGAGAAGTATGTGACCAGTGCCCCAATGCCTGAGCCCCAGGCCCCAGGCCGGTACTTCGCCCACAGCATCCTGACCGTGTCTGAAGAGGACTGGAACACGGGGGAGACCTACACCTGCGTCGTGGCCCATGAGGCCCTGCCCAACAGGGTCACCGAGAGGACCGTGGACAAGTCCACCGAGGGGGAGGTGAGTGCTGACGAGGAGGGCTTTGAGAACCTGTGGGCCACTGCCTCCACCTTCATCGTCCTCTTCCTCTTGAGCCTCTTCTACAGTACCACTGTCACCTTGTTCAAGGTGAAATGA,SASAPTLFPLVSCENAPLDTNEVAVGCLAQDFLPDSITFSWKFKNNSDISKGVWGFPSVLRGGKYAATSQVLLASKDVMQGTDEHVVCKVQHPNGNKEQNVPLPVVAERPPNVSVFVPPRDGFVGNPRESKLICQATGFSPRQIEVSWLREGKQVGSGITTDRVEAEAKESGPTTFKVTSTLTVSERDWLSQSVFTCRVDHRGLTFQKNVSSVCGPNPDTAIRVFAIPPSFASIFLTKSTKLTCLVTDLATYDSVTITWTRQNGEALKTHTNISESHPNGTFSAVGEASICEDDWNSGERFRCTVTHTDLPSPLKQTISRPKGVAMHRPDVYLLPPAREQLNLRESATITCLVTGFSPADIFVQWMQRGQPLSPEKYVTSAPMPEPQAPGRYFAHSILTVSEEDWNTGETYTCVVAHEALPNRVTERTVDKSTEGEVSADEEGFENLWATASTFIVLFLLSLFYSTTVTLFKVK
IGHM,MT043323.1,"Macaca mulatta secreted immunoglobulin mu heavy chain constant region (IGHM) mRNA, partial cds",,3,secreted immunoglobulin mu heavy chain constant region,QJB76130.1,GGAGTGCATCCGCCCCAACCCTTTTCCCCCTCGTCTCCTGTGAGAATGCCCCGTTGGATACAAACGAAGTGGCCGTTGGCTGCCTCGCACAGGACTTCCTTCCCGACTCCATCACTTTCTCCTGGAAATTCAAGAACAACTCTGACATCAGCAAAGGCGTCTGGGGCTTCCCATCAGTCCTGAGAGGGGGCAAGTACGCGGCCACCTCGCAGGTGCTGCTGGCTTCCAAGGACGTCATGCAGGGCACAGACGAACACGTGGTATGCAAAGTCCAGCACCCCAATGGCAACAAAGAACAGAACGTGCCTCTTCCAGTGGTTGCCGAGCGGCCTCCCAACGTGAGTGTCTTCGTCCCACCCCGAGACGGCTTCGTCGGCAACCCCCGCGAGTCCAAGCTCATCTGCCAGGCCACAGGTTTCAGCCCCCGGCAGATTGAGGTGTCCTGGCTGCGCGAGGGGAAGCAGGTGGGGTCTGGCATCACCACGGACCGGGTGGAGGCTGAAGCCAAAGAGTCTGGGCCCACAACCTTCAAGGTGACCAGCACACTGACCGTCAGCGAGAGAGACTGGCTCAGCCAGAGCGTGTTCACCTGCCGCGTGGATCACAGGGGCCTGACCTTCCAGAAGAACGTGTCCTCCGTGTGTGGCCCCAATCCAGACACAGCCATCCGGGTCTTCGCCATCCCCCCATCCTTTGCCAGCATCTTCCTCACCAAGTCCACCAAGTTGACCTGCCTGGTCACAGACCTGGCCACCTACGACAGTGTGACCATCACCTGGACCCGCCAGAATGGCGAAGCTCTGAAAACCCACACCAACATCTCCGAGAGCCACCCCAATGGCACCTTCAGCGCTGTGGGTGAGGCCAGCATCTGCGAGGACGACTGGAACTCCGGGGAGAGGTTCAGGTGCACCGTGACCCACACGGACCTGCCCTCGCCGCTGAAGCAGACCATCTCCAGGCCCAAGGGGGTGGCCATGCACAGGCCCGATGTCTACTTGCTGCCACCAGCCCGGGAACAGCTGAACCTGCGGGAGTCGGCCACCATCACCTGCCTGGTGACGGGCTTCTCTCCCGCGGACATCTTCGTGCAGTGGATGCAGAGGGGGCAGCCTTTGTCCCCGGAGAAGTATGTGACCAGTGCCCCAATGCCTGAGCCCCAGGCCCCAGGCCGGTACTTCGCCCACAGCATCCTGACCGTGTCTGAAGAGGACTGGAACACGGGGGAGACCTACACCTGCGTCGTGGCCCATGAGGCCCTGCCCAACAGGGTCACCGAGAGGACCGTGGACAAGTCCACCGGTAAACCCACCCTGTACAACGTGTCCCTCGTCATGTCCGACACAGCTGGCACCTGCTACTGACCCTGCTGGCCTGCCCACAGGCTCAGGGCGGCCGGCCGCCCTGTGTGTGTGCACGCAAACTAACCGTGTCAACGGGGTGAGATGTTGCATCTTATAAAATTAGAAATAAAAAGATCCATT,GGAGTGCATCCGCCCCAACCCTTTTCCCCCTCGTCTCCTGTGAGAATGCCCCGTTGGATACAAACGAAGTGGCCGTTGGCTGCCTCGCACAGGACTTCCTTCCCGACTCCATCACTTTCTCCTGGAAATTCAAGAACAACTCTGACATCAGCAAAGGCGTCTGGGGCTTCCCATCAGTCCTGAGAGGGGGCAAGTACGCGGCCACCTCGCAGGTGCTGCTGGCTTCCAAGGACGTCATGCAGGGCACAGACGAACACGTGGTATGCAAAGTCCAGCACCCCAATGGCAACAAAGAACAGAACGTGCCTCTTCCAGTGGTTGCCGAGCGGCCTCCCAACGTGAGTGTCTTCGTCCCACCCCGAGACGGCTTCGTCGGCAACCCCCGCGAGTCCAAGCTCATCTGCCAGGCCACAGGTTTCAGCCCCCGGCAGATTGAGGTGTCCTGGCTGCGCGAGGGGAAGCAGGTGGGGTCTGGCATCACCACGGACCGGGTGGAGGCTGAAGCCAAAGAGTCTGGGCCCACAACCTTCAAGGTGACCAGCACACTGACCGTCAGCGAGAGAGACTGGCTCAGCCAGAGCGTGTTCACCTGCCGCGTGGATCACAGGGGCCTGACCTTCCAGAAGAACGTGTCCTCCGTGTGTGGCCCCAATCCAGACACAGCCATCCGGGTCTTCGCCATCCCCCCATCCTTTGCCAGCATCTTCCTCACCAAGTCCACCAAGTTGACCTGCCTGGTCACAGACCTGGCCACCTACGACAGTGTGACCATCACCTGGACCCGCCAGAATGGCGAAGCTCTGAAAACCCACACCAACATCTCCGAGAGCCACCCCAATGGCACCTTCAGCGCTGTGGGTGAGGCCAGCATCTGCGAGGACGACTGGAACTCCGGGGAGAGGTTCAGGTGCACCGTGACCCACACGGACCTGCCCTCGCCGCTGAAGCAGACCATCTCCAGGCCCAAGGGGGTGGCCATGCACAGGCCCGATGTCTACTTGCTGCCACCAGCCCGGGAACAGCTGAACCTGCGGGAGTCGGCCACCATCACCTGCCTGGTGACGGGCTTCTCTCCCGCGGACATCTTCGTGCAGTGGATGCAGAGGGGGCAGCCTTTGTCCCCGGAGAAGTATGTGACCAGTGCCCCAATGCCTGAGCCCCAGGCCCCAGGCCGGTACTTCGCCCACAGCATCCTGACCGTGTCTGAAGAGGACTGGAACACGGGGGAGACCTACACCTGCGTCGTGGCCCATGAGGCCCTGCCCAACAGGGTCACCGAGAGGACCGTGGACAAGTCCACCGGTAAACCCACCCTGTACAACGTGTCCCTCGTCATGTCCGACACAGCTGGCACCTGCTACTGA,SASAPTLFPLVSCENAPLDTNEVAVGCLAQDFLPDSITFSWKFKNNSDISKGVWGFPSVLRGGKYAATSQVLLASKDVMQGTDEHVVCKVQHPNGNKEQNVPLPVVAERPPNVSVFVPPRDGFVGNPRESKLICQATGFSPRQIEVSWLREGKQVGSGITTDRVEAEAKESGPTTFKVTSTLTVSERDWLSQSVFTCRVDHRGLTFQKNVSSVCGPNPDTAIRVFAIPPSFASIFLTKSTKLTCLVTDLATYDSVTITWTRQNGEALKTHTNISESHPNGTFSAVGEASICEDDWNSGERFRCTVTHTDLPSPLKQTISRPKGVAMHRPDVYLLPPAREQLNLRESATITCLVTGFSPADIFVQWMQRGQPLSPEKYVTSAPMPEPQAPGRYFAHSILTVSEEDWNTGETYTCVVAHEALPNRVTERTVDKSTGKPTLYNVSLVMSDTAGTCY
IGK,MT043324.1,"Macaca mulatta immunoglobulin kappa light chain constant region (IGK) mRNA, partial cds",,3,immunoglobulin kappa light chain constant region,QJB76131.1,GAGCTGTGGCTGCACCATCTGTCTTCATCTTCCCGCCATCTGAGGATCAGGTGAAATCTGGAACTGTCTCTGTTGTGTGCCTGCTGAATAACTTCTATCCCAGAGAGGCCAGCGTAAAGTGGAAGGTGGATGGTGCCCTCAAAACGGGTAACTCCCAGGAGAGTGTCACAGAGCAGGACAGCAAGGACAACACCTACAGCCTGAGCAGCACCCTGACGCTGAGCAGCACAGACTACCAGAGTCACAAAGTCTATGCCTGCGAAGTCACCCATCAGGGCCTGAGCTCGCCCGTCACCAAGAGCTTCAACAGAGGAGAGTGTTAGAGGGAGAAGTGCCCCGGGCCCCCCACTTGCTCCTTAGCCCCAGCCTCACCCCCTCCCATCCTTTGGCCTCTGGCCCTTTTCCCACAGGGGAGCTACCCCTATTTCGGTCCTCGAGCTCATCTTTCACCTCATCCTCCTCCTCCTCCTCGGCTTTAATTATGCTAATATTGGAGGAGAATTAATAAATAAAGTGAATCTTTG,GAGCTGTGGCTGCACCATCTGTCTTCATCTTCCCGCCATCTGAGGATCAGGTGAAATCTGGAACTGTCTCTGTTGTGTGCCTGCTGAATAACTTCTATCCCAGAGAGGCCAGCGTAAAGTGGAAGGTGGATGGTGCCCTCAAAACGGGTAACTCCCAGGAGAGTGTCACAGAGCAGGACAGCAAGGACAACACCTACAGCCTGAGCAGCACCCTGACGCTGAGCAGCACAGACTACCAGAGTCACAAAGTCTATGCCTGCGAAGTCACCCATCAGGGCCTGAGCTCGCCCGTCACCAAGAGCTTCAACAGAGGAGAGTGTTAG,AVAAPSVFIFPPSEDQVKSGTVSVVCLLNNFYPREASVKWKVDGALKTGNSQESVTEQDSKDNTYSLSSTLTLSSTDYQSHKVYACEVTHQGLSSPVTKSFNRGEC
IGL,MT043325.1,"Macaca mulatta immunoglobulin lambda light chain constant region (IGL) mRNA, partial cds",,3,immunoglobulin lambda light chain constant region,QJB76132.1,GTCAGCCCAAGGCTTCCCCCTCGGTCACTCTCTTCCCGCCCTCCTCTGAGGAGCTTCAAGCCAACAAGGCCACACTAGTGTGTCTGATCAGTGACTTCTACCCGGGAGCCGTGGAAGTGGCCTGGAAGGCAGATGGCAGCGCTGTCAACGCGGGAGTGGAGACCACCAAACCCTCCAAACAGAGCAACAACAAGTACGCGGCCAGCAGCTACCTGAGCCTGACGTCCGACCAGTGGAAGTCCCACAAGAGCTACAGCTGCCAGGTCACGCACGAAGGGAGCACCGTGGAGAAGACAGTGGCCCCTGCAGAATGTTCATAGGTTCCCAACCCTCACCCCACCCACGGGGGCCTGGAGCTGCAGGATCCCAGGGGAGGGGTCTCTCTCCCCATCCCAAGGCATCCAGCCCTTCTCCCTGCACTCAATAAACCCTCAATAAATATTCTCATTGACAAT,GTCAGCCCAAGGCTTCCCCCTCGGTCACTCTCTTCCCGCCCTCCTCTGAGGAGCTTCAAGCCAACAAGGCCACACTAGTGTGTCTGATCAGTGACTTCTACCCGGGAGCCGTGGAAGTGGCCTGGAAGGCAGATGGCAGCGCTGTCAACGCGGGAGTGGAGACCACCAAACCCTCCAAACAGAGCAACAACAAGTACGCGGCCAGCAGCTACCTGAGCCTGACGTCCGACCAGTGGAAGTCCCACAAGAGCTACAGCTGCCAGGTCACGCACGAAGGGAGCACCGTGGAGAAGACAGTGGCCCCTGCAGAATGTTCATAG,QPKASPSVTLFPPSSEELQANKATLVCLISDFYPGAVEVAWKADGSAVNAGVETTKPSKQSNNKYAASSYLSLTSDQWKSHKSYSCQVTHEGSTVEKTVAPAECS
TCRA,MT043326.1,"Macaca mulatta T cell receptor alpha constant region (TCRA) mRNA, partial cds",,3,T cell receptor alpha constant region,QJB76133.1,ATATCCAGAACCCTGACCCTGCCGTGTACCAGCTGAGAGGCTCTAAATCCAATGACACCTCTGTCTGCCTATTTACTGATTTTGATTCTGTAATGAATGTGTCACAAAGCAAGGATTCTGACGTGCATATCACAGACAAAACTGTGCTAGACATGAGGTCTATGGACTTTAAGAGCAACGGTGCTGTGGCCTGGAGCAACAAATCCGATTTTGCATGTACAAGCGCCTTCAAGGACAGCGTTATTCCAGCAGACACCTTCTTCCCCGGCACAGAAAGTGTCTGTGATGCCAACCTGGTTGAGAAAAGCTTTGAAACAGATATGAACCTAAACTTTCAAAACCTGTCAGTGATTGGGTTCCGAATCCTCCTCCTGAAAGTGGCCGGGTTTAATCTGCTCATGACGCTGCGGCTGTGGTCCAGCTGAGGTCTGCAGGATTGTAAGACAGCCTGTGCTCCCTCGTTCCTTCCTCTGCATCGCCCCTCCTCTCCCTCTCCAAGCAGAGGGAGCTCTCCCACCCCCATGGAGGAGAAAGCTGCTACCACCTCTGTGCCCCCCGGCAATGCCACCAACTGGATCCTACCCAAATTTGTGATGAAGATTGCCGAAGAGCTGCCAAACACCGCTGCCACCCCCTCTGTTCCCTTATGGCTGCTTGTCACTGACTGACATTCACGGCAGAGGCAAGGCTGCTGCAGCCGCCCCTGGCTGTGCACATTCCCTCCCGCTCCCCAGAGACTGCCTCCACCACCCCACAGATGATGGATCCTCAGTGAGTTCTCTTGGGCTCTAGGTCCTGGAGAATGTTGTGAGGGGTTTATATTTTTTAAATAGGGTTCATAAAGAAATACATACTATTCTTCTTCTCAAGACATGGGGGGAAATTATCTCATTATTGAGGCCCTGCTATGCTGTGTATCTGGGTGTGTTGTATATCCTGCTGCCAATGGCTTCATTAAAATGGTTTGGAAG,ATATCCAGAACCCTGACCCTGCCGTGTACCAGCTGAGAGGCTCTAAATCCAATGACACCTCTGTCTGCCTATTTACTGATTTTGATTCTGTAATGAATGTGTCACAAAGCAAGGATTCTGACGTGCATATCACAGACAAAACTGTGCTAGACATGAGGTCTATGGACTTTAAGAGCAACGGTGCTGTGGCCTGGAGCAACAAATCCGATTTTGCATGTACAAGCGCCTTCAAGGACAGCGTTATTCCAGCAGACACCTTCTTCCCCGGCACAGAAAGTGTCTGTGATGCCAACCTGGTTGAGAAAAGCTTTGAAACAGATATGAACCTAAACTTTCAAAACCTGTCAGTGATTGGGTTCCGAATCCTCCTCCTGAAAGTGGCCGGGTTTAATCTGCTCATGACGCTGCGGCTGTGGTCCAGCTGA,IQNPDPAVYQLRGSKSNDTSVCLFTDFDSVMNVSQSKDSDVHITDKTVLDMRSMDFKSNGAVAWSNKSDFACTSAFKDSVIPADTFFPGTESVCDANLVEKSFETDMNLNFQNLSVIGFRILLLKVAGFNLLMTLRLWSS
TCRB1,MT043327.1,"Macaca mulatta T cell receptor beta 1 constant region (TCRB1) mRNA, partial cds",,3,T cell receptor beta 1 constant region,QJB76134.1,AGGACCTGAAAAAGGTGTTCCCACCCAAGGTCGCTGTGTTTGAGCCATCAGAAGCAGAGATCTCCCACACCCAAAAGGCCACGCTGGTGTGCCTGGCCACAGGCTTCTACCCCGACCACGTGGAGCTGAGCTGGTGGGTGAACGGGAAAGAGGTGCACAGTGGGGTCAGCACGGACCCACAGCCCCTCAAGGAGCAGCCCGCCCTCGAGGACTCCAGATACTGCCTGAGCAGCCGCCTGAGGGTCTCGGCCACCTTCTGGCACAACCCCCGCAACCACTTCCGCTGCCAAGTCCAGTTCTATGGGCTCTCGGAGGATGACGAGTGGACCGAGGACAGGGACAAGCCCATCACCCAAAAGATCAGCGCCGAGGTCTGGGGTAGAGCAGACTGTGGCTTCACCTCGGTGTCCTACCAGCAAGGGGTCCTGTCTGCCACCATCCTCTATGAGATCCTGCTGGGGAAGGCCACCCTGTATGCTGTGCTGGTCAGTGCCCTCATGTTGATGGCCATGGTCAAGAGGAAGGATTTCTGAAGGCAGCCCTGGAAGTGGAATTAGGAGCTTCTAACCCGTTGTGATTTCAATATACATTCTTCTTTTGCCAGTGCTTCTGAAGAGCTGCTCTCACCTCTCTACATCCCAATAGATACCCACTATGTGCATGCACGCCTGCACACTCACGGCTGAAATCTCCCTAACCCAGGGGCACCTTAGCATTCCTAAGTGACTAAGCCAATAAAAATGTTCTGATCTG,AGGACCTGAAAAAGGTGTTCCCACCCAAGGTCGCTGTGTTTGAGCCATCAGAAGCAGAGATCTCCCACACCCAAAAGGCCACGCTGGTGTGCCTGGCCACAGGCTTCTACCCCGACCACGTGGAGCTGAGCTGGTGGGTGAACGGGAAAGAGGTGCACAGTGGGGTCAGCACGGACCCACAGCCCCTCAAGGAGCAGCCCGCCCTCGAGGACTCCAGATACTGCCTGAGCAGCCGCCTGAGGGTCTCGGCCACCTTCTGGCACAACCCCCGCAACCACTTCCGCTGCCAAGTCCAGTTCTATGGGCTCTCGGAGGATGACGAGTGGACCGAGGACAGGGACAAGCCCATCACCCAAAAGATCAGCGCCGAGGTCTGGGGTAGAGCAGACTGTGGCTTCACCTCGGTGTCCTACCAGCAAGGGGTCCTGTCTGCCACCATCCTCTATGAGATCCTGCTGGGGAAGGCCACCCTGTATGCTGTGCTGGTCAGTGCCCTCATGTTGATGGCCATGGTCAAGAGGAAGGATTTCTGA,DLKKVFPPKVAVFEPSEAEISHTQKATLVCLATGFYPDHVELSWWVNGKEVHSGVSTDPQPLKEQPALEDSRYCLSSRLRVSATFWHNPRNHFRCQVQFYGLSEDDEWTEDRDKPITQKISAEVWGRADCGFTSVSYQQGVLSATILYEILLGKATLYAVLVSALMLMAMVKRKDF
TCRB2,MT043328.1,"Macaca mulatta T cell receptor beta 2 constant region (TCRB2) mRNA, partial cds",,3,T cell receptor beta 2 constant region,QJB76135.1,AGGACCTGAAAAAAGTGTTCCCACCCAAGGTCGCTGTGTTTGAGCCATCAGAAGCAGAGATCTCCCACACCCAAAAGGCCACGCTGGTGTGCCTGGCCACAGGCTTCTACCCCGACCACGTGGAGCTGAGCTGGTGGGTGAACGGGAAAGAGGTGCACAGTGGGGTCAGCACGGACCCACAGCCCCTCAAGGAGCAGCCCACCCTCGAGGACTCCAGATACTGCCTGAGCAGCCGCCTGAGGGTCTCGGCCACCTTCTGGCACAACCCCCGCAACCACTTCCGCTGCCAAGTCCAGTTCTATGGGCTCTCGGAGGATGACGAGTGGACCGAGGACAGGGACAAGCCCATCACCCAAAAGATCAGCGCTGAGGCCTGGGGTAGAGCAGACTGTGGCTTCACCTCTGAGTCTTACCAGCAAGGGGTCCTGTCTGCCACCATCCTCTATGAGATCTTGCTAGGGAAGGCCACCTTGTATGCCGTGCTGGTCAGTGCCCTCGTGCTGATGGCCATGGTCAAGAGAAAGGATTCCTGAGGCTAGCTCCAAAACCATCCCGGGTCATTCTTCATCCTCACCCAGGATTCTCCTGTACCTGCTCCCAATCTGTGTTCCTAAAAGTGATTCTCTCTCTGCTTCTCATCTCCTTATGTGAATACTTCCCTCTTTTTCTATTTCCCTGAAGATTGAGCTCCCGACCCCCAAGTTTGAAAAAGACTAAACCAATAAAAAATGGTTGTG,AGGACCTGAAAAAAGTGTTCCCACCCAAGGTCGCTGTGTTTGAGCCATCAGAAGCAGAGATCTCCCACACCCAAAAGGCCACGCTGGTGTGCCTGGCCACAGGCTTCTACCCCGACCACGTGGAGCTGAGCTGGTGGGTGAACGGGAAAGAGGTGCACAGTGGGGTCAGCACGGACCCACAGCCCCTCAAGGAGCAGCCCACCCTCGAGGACTCCAGATACTGCCTGAGCAGCCGCCTGAGGGTCTCGGCCACCTTCTGGCACAACCCCCGCAACCACTTCCGCTGCCAAGTCCAGTTCTATGGGCTCTCGGAGGATGACGAGTGGACCGAGGACAGGGACAAGCCCATCACCCAAAAGATCAGCGCTGAGGCCTGGGGTAGAGCAGACTGTGGCTTCACCTCTGAGTCTTACCAGCAAGGGGTCCTGTCTGCCACCATCCTCTATGAGATCTTGCTAGGGAAGGCCACCTTGTATGCCGTGCTGGTCAGTGCCCTCGTGCTGATGGCCATGGTCAAGAGAAAGGATTCCTGA,DLKKVFPPKVAVFEPSEAEISHTQKATLVCLATGFYPDHVELSWWVNGKEVHSGVSTDPQPLKEQPTLEDSRYCLSSRLRVSATFWHNPRNHFRCQVQFYGLSEDDEWTEDRDKPITQKISAEAWGRADCGFTSESYQQGVLSATILYEILLGKATLYAVLVSALVLMAMVKRKDS
TCRD,MT043329.1,"Macaca mulatta T cell receptor delta constant region (TCRD) mRNA, partial cds",,3,T cell receptor delta constant region,QJB76136.1,AAAGACAACCTCATACCAAACCATCCGTTTTCGTCATGAAAAATGGGACAAATGTTGCTTGTCTGGTGAAGGACTTCTACCCCAAGGATATAAGAATAAATCTCGAGTCATCCAAGAAGATAACAGAGTTTGATCCTGCTATTGTCGTCTCTCCCAGTGGGAAGTACAATGCTGTCAAGCTTGGTCAATATGCAGATTCAAATTCAGTGACATGCTCAGTTCAACACAACAAGGAAGTTGTGTACTCCACTGACTTTGAAGTGAAGACAAATTCTACAGATCACCTAAAACCAACGGAAACTGAAAACACAAAGCAACCTTCAAAGAGCTGCCATGAACCCAAAGTTCATGCCGAGAAGGTGAACATGATGTCTCTCACAGTGCTGGGACTACGAATGCTGTTTGCAAAGAGTGTTGCCATCAATTTTCTCTTGACTGCCAAGTTACTTTTCTTGTAAGGCTGACTGGCATGAGGAAGCTACACTCCTGAAGAAATCAAAGGCTTACAAAAATGCATCTCCTTGGCTTCTGACTTCTTGATGATTCAAGTGGACCTGTCATAGCCTTGTTAAAATGGCTGCTAGCCCAACCAATTTTTCTTCGAAGACAACAAACCCAGCTCATCCTCCAGCTTGGTGGGAAGACAAAAGTCCTGGGGAAGGGGGGGTTTATGTCCTAACTGCTTTATATGCTGTTTTGATACAGGGATAGAAGGTTACAAAAAGATATAGGACACTTTTTTTACTCCTACAACTGATACACTTTGAAAATGATGTTTTGTTCTTTTTGACTTTCTTTACCTTTTGAAGTAGAAAGTGAGAACCAAAAGGTTCACAGCTTCATTCCTCATGAGGAAAATAGGCCCTGGGAGAAGAAGAGCAGGTGCCCTTTTATCTAAACATGGAAGACTCTGCTCAACTGAGCACTGGATTTGCTACAAACCAGCATCATCTTCTTCCTCCTGCCCTCACAGCTTGTCCCATTCTCTATGTTCACTTCAGGAGCCACACTAGAGATTCTGCATGGCGTGGAGGGGGGCAAAGTTTTAGCACTTTCTGCATCTCCTAGTACTTTACAAATGAGATTACATTTGAATTCGCTAATACTTTATGAGCAGGCAATGGGGTTTCCAAAATCTCATCTAAATACTCTCCAGACTATTAGCAAAAATCAGAGTAAAATACAGAGGAAAGGCACTGCTTTCTGTTAATTCATTTAACATGCATAAATTAGCTCGCTCTGAGTTCCAGGCACTGTACTGAGAGTACAAAGAAGACATAAGTCTGCTTTCAAGCAACTCCCTGTGAAAGTGTTTTTGAAGGGAGGAACAGAAATGAGACCCCTATCTTTCTCTACAAAAACAACATTTTTACTGTCTTTTGCCTGCCAATCTGTGTTTGAAACCATTGCACACTGATTCTCTGGCCTGGTACCTTGGTATTGATGGTTTTCTGCCTTTCTTCTCAGCCCCTGTCTCTGTTGCATTTATTAAACTGCATTGTGTG,AAAGACAACCTCATACCAAACCATCCGTTTTCGTCATGAAAAATGGGACAAATGTTGCTTGTCTGGTGAAGGACTTCTACCCCAAGGATATAAGAATAAATCTCGAGTCATCCAAGAAGATAACAGAGTTTGATCCTGCTATTGTCGTCTCTCCCAGTGGGAAGTACAATGCTGTCAAGCTTGGTCAATATGCAGATTCAAATTCAGTGACATGCTCAGTTCAACACAACAAGGAAGTTGTGTACTCCACTGACTTTGAAGTGAAGACAAATTCTACAGATCACCTAAAACCAACGGAAACTGAAAACACAAAGCAACCTTCAAAGAGCTGCCATGAACCCAAAGTTCATGCCGAGAAGGTGAACATGATGTCTCTCACAGTGCTGGGACTACGAATGCTGTTTGCAAAGAGTGTTGCCATCAATTTTCTCTTGACTGCCAAGTTACTTTTCTTGTAA,RQPHTKPSVFVMKNGTNVACLVKDFYPKDIRINLESSKKITEFDPAIVVSPSGKYNAVKLGQYADSNSVTCSVQHNKEVVYSTDFEVKTNSTDHLKPTETENTKQPSKSCHEPKVHAEKVNMMSLTVLGLRMLFAKSVAINFLLTAKLLFL
TCRG1,MT043330.1,"Macaca mulatta T cell receptor gamma 1 constant region (TCRG1) mRNA, partial cds",,3,T cell receptor gamma 1 constant region,QJB76137.1,ATAAACACCTTGATGCAGATGTTTCACCCAAGCCCACTATATTTCTTCCTTCCATTGCTGAAACAAACCTCCATAAGGCTGGAACATACCTTTGTCTTCTTGAGAATTTTTTCCCGGATGTTATTAAGATACATTGGCAAGAAAAGAAGAGCAACACGATTCTGGGATCCCAGGAGGGGAACACCGTGAAGACTAACGACACATACATGAAATTTAGCTGGTTAACGGTGCCAGAAAAGTCACTGGATAAAGAGCACAGATGTATCGTCAGACATGAGAATAATAAAAATGGAGTTGATCAAGAAATTATCTTTCCTCCAATAAAGACAGATGTCACCACAATGGATCCCAAAGACAATTGTTCAAAAGATGCAAATGATGCACTACTGCTGCAGCTCACAAACACCTCTGCATATTACATGTACCTCCTCCTGCTCGTCAAGAGTGAGGTCTATTTTGCCATCATCGCCGTCTGTCTGCTTAGAAGAACGGCTGTCTGCTGCAATGGAGAGAGATCGTAACAGACGGTGGCACAAGGACGCCATCTTTTTCTCATCGGCTATTGTCCCTAGAAGTGTCTTCTGAGGATCTACTTGGGCTTTCTTTCCGGGTTTGGGCTATTTCAGTTCTCATGTGTGTACTATTCTATCATTGTTGTATAATGGTTTTCAAACCAGTGGGCACACGGAAAACCTCACTCTGTGATGACAATGAGGAATAGCCATGGCGGTCTCCAGCACCACTCTCTCCATATTCTCCACAGCTCCTCCAGCCAACCCAAATAGCCACTGCCATGGTGTAGACAGTCCGCGGCTTCTAGCCTTGTCCCTCCCTTAGTGTTCTTTAATCAGATAACTGCCTGGAAGCCTTTCATTTTACACACCCTGAAGCAGCCTTCTTTGCTAGTTGAATTATGTGGTGTGTTTTTCCTAATAGGCAAAATAAATTTTAAAAGATGAAAAG,ATAAACACCTTGATGCAGATGTTTCACCCAAGCCCACTATATTTCTTCCTTCCATTGCTGAAACAAACCTCCATAAGGCTGGAACATACCTTTGTCTTCTTGAGAATTTTTTCCCGGATGTTATTAAGATACATTGGCAAGAAAAGAAGAGCAACACGATTCTGGGATCCCAGGAGGGGAACACCGTGAAGACTAACGACACATACATGAAATTTAGCTGGTTAACGGTGCCAGAAAAGTCACTGGATAAAGAGCACAGATGTATCGTCAGACATGAGAATAATAAAAATGGAGTTGATCAAGAAATTATCTTTCCTCCAATAAAGACAGATGTCACCACAATGGATCCCAAAGACAATTGTTCAAAAGATGCAAATGATGCACTACTGCTGCAGCTCACAAACACCTCTGCATATTACATGTACCTCCTCCTGCTCGTCAAGAGTGAGGTCTATTTTGCCATCATCGCCGTCTGTCTGCTTAGAAGAACGGCTGTCTGCTGCAATGGAGAGAGATCGTAA,KHLDADVSPKPTIFLPSIAETNLHKAGTYLCLLENFFPDVIKIHWQEKKSNTILGSQEGNTVKTNDTYMKFSWLTVPEKSLDKEHRCIVRHENNKNGVDQEIIFPPIKTDVTTMDPKDNCSKDANDALLLQLTNTSAYYMYLLLLVKSEVYFAIIAVCLLRRTAVCCNGERS
TCRG2,MT043331.1,"Macaca mulatta T cell receptor gamma 2 constant region (TCRG2) mRNA, partial cds",,3,T cell receptor gamma 2 constant region,QJB76138.1,ATAAACACCTTGATGCAGATGTTTCACCCAAGCCCACTATTTTTCTTCCTTCCATTGCTGAAACAAACCTCCACAAGGCTGGAACATACCTTTGTCTTCTTGAGAAATTTTTCCCAGATGTTATTGAGATACATTGGCAAGAAAAGAACAGCAACAAGGTTCTGAAATCCCAAGAGGGGAACACCATGAAGACTAACAACACATACATGAAATTTAGCTGGTTAACGGTGCCAGAAAAGTCACTGGATAAAGAGCACAGATGTATCGTCAGACACGAGAATAATAGAAATGGAGTTGATCAAGAAATTATCTTTCCTCCAATAAAGACAGATGTCACCACAGTGGATCCCAAAGACAGTTTTTCAAAAGACGCAAATGATGTCACCACAGTGGATCCCAAAGGCAATTATTCAGAAGATGCAGATGATGACACCACAGTGGATCCCAAAGACAATTATTCAGAAGATGCAAATGATGCACAACTGCTGCAGCTCACAAACACCTCTGCATATTACATGTACCTCCTCCTGCTCGTCAAGAGTGAGGTCTATTTTGCCATCATCGCCGTCTGTCTGCTTAGAAGAACGGCTGTCTGCTGCAATGGAGAGAGATCGTAACAGACGGTGGCACAAGGACGCCATCTTTTCCTCATCGGCTATTGTGCCTAGAAGTGTCTTCTGAGGATCTAGTTGGGCTTTCTTTCCGGGTTTGGGCTATTTCAGTTCTCATGTGTGTACTATTCTATCATTGTTGTAAAATGGTTTTCAAACCAGTGGGCACACGGAAAACCTCACTCTGTGATGACAATGAGGAACAGCCATGGCGGTCCCCAGCACCACTCTCTCCATAGTCTCCACAGCTCCTCCAGCCAACCCAAATAGCCACTGCCATGGTGTAGACAGTCCGCAGCTTCTAGCCTTGTCCCTCCCTTAGTGTTATTTAATCAGATAACTGCCTGGAAGCCTTTCATTTTACATGTCCTGAAGCAGCCTTCTTTGCTAGTTGAATTACGTGGTGTATTTTTCCTAATAGGCAAAATAAATTTAAAACAATG,ATAAACACCTTGATGCAGATGTTTCACCCAAGCCCACTATTTTTCTTCCTTCCATTGCTGAAACAAACCTCCACAAGGCTGGAACATACCTTTGTCTTCTTGAGAAATTTTTCCCAGATGTTATTGAGATACATTGGCAAGAAAAGAACAGCAACAAGGTTCTGAAATCCCAAGAGGGGAACACCATGAAGACTAACAACACATACATGAAATTTAGCTGGTTAACGGTGCCAGAAAAGTCACTGGATAAAGAGCACAGATGTATCGTCAGACACGAGAATAATAGAAATGGAGTTGATCAAGAAATTATCTTTCCTCCAATAAAGACAGATGTCACCACAGTGGATCCCAAAGACAGTTTTTCAAAAGACGCAAATGATGTCACCACAGTGGATCCCAAAGGCAATTATTCAGAAGATGCAGATGATGACACCACAGTGGATCCCAAAGACAATTATTCAGAAGATGCAAATGATGCACAACTGCTGCAGCTCACAAACACCTCTGCATATTACATGTACCTCCTCCTGCTCGTCAAGAGTGAGGTCTATTTTGCCATCATCGCCGTCTGTCTGCTTAGAAGAACGGCTGTCTGCTGCAATGGAGAGAGATCGTAA,KHLDADVSPKPTIFLPSIAETNLHKAGTYLCLLEKFFPDVIEIHWQEKNSNKVLKSQEGNTMKTNNTYMKFSWLTVPEKSLDKEHRCIVRHENNRNGVDQEIIFPPIKTDVTTVDPKDSFSKDANDVTTVDPKGNYSEDADDDTTVDPKDNYSEDANDAQLLQLTNTSAYYMYLLLLVKSEVYFAIIAVCLLRRTAVCCNGERS
